Model,Period,Test P,Test R,Test A,Test F,Test AUC,Test MCC,Test B,Importance_0,Importance_1,Importance_2,Importance_3,Importance_4,Importance_5,Importance_6,Importance_7,Importance_8,Importance_9,Importance_10,Importance_11
LR,1,0.0,0.0,0.987962089565647,0.0,0.5678262578214766,-0.0007384169990019864,0.017986779942937296,0.030066616626008714,0.005910583599174379,0.01588489866766758,0.0028905516982549615,0.009760977669356508,0.010603889097391739,0.0033865406267592933,1.782698442485131e-05,0.0027962563332708744,-0.0018936479639706238,0.07400168887220884,0.0106004878964159
LR,2,0.07017543859649122,0.010498687664041995,0.9799673887724202,0.0182648401826484,0.7430827247191711,0.02048730348111641,0.02340395059843173,0.006940481701244283,0.007808638078806029,0.01596192961045888,-0.0007341946162801926,0.012945194910855839,0.0033796237848757295,0.0,0.0,0.0,0.0,0.04627530193999072,-0.005564673371768425
LR,3,0.03763440860215054,0.027777777777777776,0.9803740048139233,0.0319634703196347,0.7173207260611252,0.022539897880283433,0.02441227180216403,0.03332837332341332,0.0,0.0,0.0,0.0,0.0,0.0,0.0,0.0,0.0,0.1475431417529501,0.0
LR,4,0.07692307692307693,0.02413793103448276,0.9834161771351108,0.03674540682414698,0.6366159845901226,0.03606025240881444,0.022198340422831968,0.0,0.018884637188208632,0.0,0.0009125409423029085,0.0738085789871504,0.0004097379692618253,0.0,0.0,0.0,0.027537005542957925,0.07772282060972538,0.005851127488032315
LR,5,0.2795031055900621,0.234375,0.9873332370081395,0.254957507082153,0.7215139283862395,0.24960035406706987,0.016285907401594982,0.016544589774078532,-0.0006287752675385949,0.026428537455410316,0.0002525564803805613,0.011754340071343683,0.003766944114149906,0.0012482758620689927,0.0007146254458978207,0.011206183115338964,0.1508518430439953,0.09749108204518439,0.0036818073721760934
LR,6,0.0,0.0,0.9890122467666247,0.0,0.6584859655100695,-0.005516728461946211,0.013284114858558082,0.0024869791666666252,0.010234374999999952,0.005495876736111116,-0.00021158854166667407,0.011673177083333309,0.005218098958333295,-6.5104166666607455e-06,-0.00013400607638889284,0.0033333333333333435,0.09058756510416659,0.017569986979166608,0.01187608506944442
LR,7,0.0,0.0,0.9902369054229132,0.0,0.6078520714029618,0.0,0.01623450653753296,0.017386789035140616,0.018814152880086876,0.012918729622026226,0.0016978625769833444,0.01791571066296329,0.0023741094070763857,0.001842772612003296,0.0006400193213378369,0.0030527714044196854,0.023028619731916323,0.015473976572877546,0.029438473614297654
LR,8,0.0,0.0,0.9863254806390468,0.0,0.6730813458107492,-0.0007897009339355277,0.020804880178145597,0.1044419487432896,9.748208710489426e-05,0.0005503021046247225,-0.0003625255497406332,-0.0006626086565890699,0.010590957076435804,-5.839940702143664e-05,0.002194470025381223,0.002437501403831788,0.0006679993710832166,0.08026594191505125,0.005263134251252133
LR,9,0.0,0.0,0.9703659675638957,0.0,0.49580607650186886,-0.002997461706910889,0.032289936351519145,0.03747686504977854,0.0001041620981536262,0.01693017850094296,0.0007689355730012392,0.0003689531160914861,0.0017005833077497145,0.015298561466602422,0.0062931450374984045,0.0013981842901627183,0.0005098460593834009,0.0840460944695409,0.013981733257313356
LR,10,0.1891891891891892,0.020895522388059702,0.9852808157223912,0.03763440860215054,0.5811181305296588,0.05874745541013825,0.021754189809202466,0.09005794994984102,0.003194828694754448,0.00966264626236446,0.025387711762352903,0.02705083553062848,0.005332945185253535,0.0030695881092651645,0.008989425757255342,0.0046112829620446275,0.029650666728100218,0.026069477110084026,0.01811075205086703
LR,11,0.0,0.0,0.9891117478510029,0.0,0.6896305868722428,-0.0011992059222723569,0.016806255681528305,-0.0047188237914901785,0.001895210514591361,0.0020158609935398974,0.0003541100467811642,-0.0007867231009132336,0.0026265092448208406,0.0002407663176655195,0.00013588772555146457,-0.012891690799732514,-0.002104789485408665,0.040899353976386846,-0.0049041657384717215
LR,12,0.3888888888888889,0.046052631578947366,0.991685764536588,0.08235294117647059,0.6892855173369457,0.13163525839383344,0.014596764421126283,0.0160254299919377,0.009007995162590765,0.002763202096210726,0.0002823501746842316,0.010100275463585051,0.006243617307175509,-0.0015293267938726097,-0.0006271835528083303,0.003354441010481124,-0.0006936979306637614,0.06151572158022038,0.034143711367911944
LR,13,0.0,0.0,0.9948240843870799,0.0,0.6688315315255232,0.0,0.013065966907124294,6.319252077564563e-05,0.002962257617728481,0.02204553324099725,-0.00037742382271468424,0.016183344875346273,0.004588815789473721,0.008936980609418277,0.002644563711911352,-0.003788954293628821,9.262465373964801e-05,0.06264889196675902,0.011954639889196716
LR,14,0.06289308176100629,0.03115264797507788,0.9762261615587369,0.04166666666666666,0.6589332690241041,0.03299744891718778,0.027514063896388007,0.046095177054959115,0.0,0.07159429578593177,0.0028008331998076396,0.0017016503765421743,0.01215510334882226,0.04075308444159591,0.0,0.04411953212626174,0.0,0.013626021470918093,0.0
LR,15,0.0,0.0,0.9829561671763507,0.0,0.6782970480689858,0.0,0.02219719427997944,0.039861026193456925,0.0034231034248502156,-0.002143515687930142,0.0016614745586708058,0.0026269154996554135,0.0017790005919973372,0.0061237759726710415,-4.7553886317208696e-05,0.0016688502634873315,0.005829524169990563,0.024278685183567662,0.006857464504420552
LR,16,0.053691275167785234,0.016701461377870562,0.9737508042033026,0.025477707006369425,0.6875960145702624,0.01873974757562006,0.030083891331229684,0.07542238044000826,0.0031019779766947586,0.01131441587875739,0.03196756026647749,0.0001836038552231356,-0.0005716444220599026,0.06898491334905339,0.0036971452118770287,0.0013782880428562239,0.014201826881252799,0.0016507749364712554,0.0075859069160505
LR,17,0.11351351351351352,0.06774193548387097,0.9896381353218354,0.08484848484848485,0.7374241257743481,0.0826808691474397,0.013833689520550614,0.016639310323787026,0.0049650672721964105,0.019786960482215576,0.015056332564798857,0.010679782602063348,0.004993179074359056,0.014138188030909982,0.007105181724277765,-0.00353110385676485,0.008525416120048378,0.09039164752594357,0.01864780052388204
LR,18,0.046296296296296294,0.013642564802182811,0.9635271485218484,0.02107481559536354,0.6704695771025504,0.009690832610721232,0.037085056994853614,0.04895671175858487,0.006666181061394427,0.01319573361082207,-1.3735691987437627e-05,0.0023540062434964206,0.0045400624349636095,-0.0007367325702392514,0.004281997918834634,0.012787304890738916,0.024573361082206112,0.12597533818938617,0.020272944849115616
LR,19,0.03571428571428571,0.0297029702970297,0.9833178005591798,0.032432432432432434,0.4541949961295876,0.024194603856109664,0.021163735185433418,0.008107108092665127,0.032449594166267984,-2.160848258581094e-05,8.935600766057927e-05,0.003724141011634252,0.013248921902365308,0.003251378680747141,0.00023320782670022133,0.013835310233412468,0.04433457599169157,0.1264674504782342,0.014446526915682134
LR,20,0.2222222222222222,0.028368794326241134,0.9917396061269147,0.050314465408805034,0.5623017916413011,0.07697812203339996,0.015899693145609392,0.09124399568669728,0.0021512596804233786,0.01314331928242316,-0.0009410842074307312,0.007146848348201074,0.014913733947652141,0.013261444956376734,0.0002538966767963391,-0.0007014018233507668,0.002416429761787997,0.00627781590040184,0.019230957749240198
LR,21,0.0,0.0,0.9871248743598334,0.0,0.6133310778073549,0.0,0.018751796901593367,0.003058699260600717,0.0012378652985262973,0.004946431266032958,0.00798148986469498,-0.002011468236004155,-0.00039032241838929946,0.02268950254011377,0.006177254665258381,-0.007166138524219013,0.010118706302499936,0.008815451939037345,-0.005835219556360305
LR,22,0.0,0.0,0.9894332769224419,0.0,0.5997341669856663,-0.0006626391622089185,0.01682546239422637,-0.007120133773717896,0.0012136371802490276,-0.007117922637885088,0.00011774298309863429,-0.0016929008720167448,0.007178452481308972,0.0010817982062160114,0.0020334157902737625,0.0022650322687635337,0.01029366647779879,0.021315902212517758,0.022850154088528373
LR,23,0.0,0.0,0.9884855661263321,0.0,0.6466631892658172,0.0,0.017677372902833027,0.023680584390618997,0.007495271049596353,0.0004459823144944197,0.0003429450211457352,-0.0030377547097270472,-0.0005468665897730984,0.009773933102652888,0.005811149557862394,0.004738792772010813,-0.0015095732410611352,0.007978931180315275,0.015029296424452165
LR,24,0.0,0.0,0.986711959236687,0.0,0.7182312555386035,0.0,0.019497419679855615,0.027825813590865733,0.030256023338866365,-0.00031613097932694514,0.0014169307378905538,7.544892108055646e-05,0.00412127156581672,0.001430511543684987,0.0014046074141140785,0.005946129470348694,0.016500930536693457,0.027499622755394682,0.016315326190835623
LR,25,0.0,0.0,0.9863071494323412,0.0,0.7249145040088756,0.0,0.01948357754275837,0.023048504720447727,0.005888263892814804,0.0022495618746113167,0.00034286844931878945,-0.007139041212052688,0.0041824014924529695,6.0206908248039426e-05,0.0007730793148284177,0.014602012550172438,0.018403244954491547,0.049416727910000555,0.01789077958053027
LR,26,0.0,0.0,0.989884799100871,0.0,0.6501502034251112,0.0,0.01654191392254361,0.014987642115669764,-0.0014706274666730136,0.007470046842266287,-2.236188593092159e-05,0.002405903537885745,-0.00011078941380480157,0.0002664595249864066,0.0002570439940681402,0.0027148114147619085,0.009665356338613828,0.07378716192359289,0.00967131950819533
LR,27,0.1509433962264151,0.05755395683453238,0.9915421211975588,0.08333333333333333,0.6274886621907119,0.08949451600055558,0.0171276588804497,0.15115869341563787,0.0018038408779150084,0.012609310699588505,0.04969007201646092,0.0020241769547325815,0.007127914951989056,0.019560185185185208,0.012462277091906771,0.01335905349794242,0.00999871399176957,0.009590192043895773,0.023027263374485574
LR,28,0.0,0.0,0.0,0.0,0.0,0.0,0.0,0.027129030588478754,0.02139899591118464,0.07076134775632718,0.011391749909424886,-0.000657833445473921,0.00784741990580189,0.04633766368200394,5.95207287406696e-05,0.013327985093939154,0.003646291599813578,0.0025712954816002665,0.0028657936959783914
LR,1,0.0,0.0,0.9880070071418946,0.0,0.5685703495289915,0.0,0.018079362865412958,0.023170623006192416,0.007218286732970425,0.021622724713829845,0.0038847579283166622,0.006908191030211919,0.010893694877087533,0.0038508632013509736,4.339463313840497e-06,0.004480671795834046,-0.0008803246387691033,0.07348505817226485,0.00925806905610802
LR,2,0.0,0.0,0.9822501747030049,0.0,0.740511208509295,0.0,0.02277743032115214,0.015375163068636089,0.015865561306793417,0.005894457770483474,0.0014160669949080384,0.010979253461263295,0.0017408015261821453,-1.2484394506939723e-05,0.0001402740955827264,0.0032624949150640292,-0.0006626548275330268,0.04592012792997511,-0.001389414916747378
LR,3,0.0,0.0,0.9883354934271431,0.0,0.6677752576614511,0.0,0.017797181663090224,0.026621268798093078,0.01181226362452723,-0.00013454026908061857,0.0008759928630968083,-0.012344362466502746,0.002598080751717102,-1.8737815253433433e-05,0.0006838613677226935,0.001476429619525832,0.0009815308519506294,0.08635280826117206,0.0071340098235751935
LR,4,0.0,0.0,0.9868956168097605,0.0,0.648664424655804,0.0,0.018887591321053637,0.0005835852859662705,0.01638447971781314,-0.00020187704711507325,0.0033692365835223947,0.04004818594104309,0.00128243890148656,0.0006131897203326853,-2.5195263289923275e-06,0.007027588813303143,0.005526581002771503,0.058700869236583506,-0.00034423028470644825
LR,5,0.1939655172413793,0.234375,0.9839136926263065,0.2122641509433962,0.7192443498533534,0.2051448639134463,0.017307612595199508,0.028543281807372357,0.00013472057074928045,0.014927110582639892,0.0,0.0023043995243758886,0.0012715814506541578,0.00038692033293721286,0.0017977407847801663,0.009582996432818236,0.1753558858501785,0.09544292508917969,5.1248513674373444e-05
LR,6,0.0,0.0,0.9909579947350349,0.0,0.6595170347687174,-0.00448883630037345,0.012485453324211927,-8.409288194437537e-05,0.005741102430555656,0.009754774305555625,-0.0004345703124998268,0.0006304253472223298,0.004398328993055656,0.0014941406250001288,-4.9370659722103305e-05,0.013582899305555673,0.04323838975694454,0.01273383246527784,0.005875108506944571
LR,7,0.08070175438596491,0.10900473933649289,0.9791782343142699,0.09274193548387097,0.6456899188171878,0.0834021454527655,0.02831347368247417,0.020359859920299407,0.03844704745803638,0.047293805096002874,0.040367105422050464,0.030621905566960473,0.01652215915952173,0.11943002052892146,0.0009395000603791281,0.0006690013283418894,0.014795314575534268,0.01984784446322907,0.010457674193937883
LR,8,0.0,0.0,0.9859644372235762,0.0,0.6671433216089904,-0.002369530611444273,0.023590661242454302,0.1155659127153478,0.0,0.0,0.0,0.0,0.0,0.0,0.0021154062127984653,0.0,0.0,0.10388580669796274,0.0
LR,9,0.0,0.0,0.9705357900993462,0.0,0.5049687520828938,-0.0019621326596126467,0.03244274863820763,0.029748804876978972,0.0013406210253934959,0.014983114775667583,-0.00027038287794403095,-0.0008634489715364068,5.317749221520618e-05,0.01184344984869079,0.005878031665277806,-0.0015050874961625826,4.2103416516736655e-05,0.0904662076224726,0.013584053330994128
LR,10,0.19230769230769232,0.014925373134328358,0.9855686210015624,0.02770083102493075,0.5932519418167428,0.05011058899177509,0.02066744112291266,0.09303788004130002,0.0032497209313039786,0.011799736534019067,0.005071552585338468,0.027291724696898844,0.003013062299861069,0.00016369237728830477,6.492404932778584e-07,0.0006814930855887358,0.012949646163931083,0.04226674988114707,0.00023820843133022241
LR,11,0.0,0.0,0.989199911836015,0.0,0.6886845725147399,-0.0006923313393290573,0.028247494735685566,0.0,0.0,0.0,0.0,0.0,0.0,0.0,0.0,0.0,0.0,0.09957282245488971,0.0
LR,12,0.4666666666666667,0.046052631578947366,0.9918456536801151,0.08383233532934131,0.6817029897429081,0.14469891522739375,0.016532130287913952,0.011960830421929702,0.004809023112066746,0.006193899489384669,0.0006130744423542778,0.007911515721580243,0.0038312953507122715,0.00039908626713252015,0.0014972453641494798,0.005909029830690771,0.0017226552002150397,0.05940876108572977,0.02081530502553084
LR,13,0.0,0.0,0.9948240843870799,0.0,0.6720727848101264,0.0,0.012498811195983398,0.0045541897506923504,0.0032089681440441663,0.02809556786703591,0.000797264542936138,0.015044148199445839,0.0028878116343489467,0.009530817174515071,0.0026592797783931976,-0.003112015235457166,0.0013166551246535762,0.0600510734072021,0.0082955332409971
LR,14,0.3333333333333333,0.003115264797507788,0.9833583130911158,0.00617283950617284,0.6632010409974609,0.03088033116516026,0.021658980129527307,0.0339400737061369,0.005111360358916883,0.020333279923089198,0.0013395289216471928,0.002541259413555519,0.008476205736260201,0.014667521230572045,0.0025092132671046485,0.02152860118570741,0.0019323826309886494,0.018314372696683255,0.0017336965229931335
LR,15,0.0,0.0,0.9829561671763507,0.0,0.6771156127496173,0.0,0.022365125914077983,0.03783377490513493,0.003183878262051154,-0.0013159810172648444,0.0005885036053610681,0.004005687056608709,0.00012674566434729418,0.005195892897002263,6.24023446978761e-05,0.004167370270086845,0.006493337603478344,0.02453169126852426,0.014256072825380306
LR,16,0.0641025641025641,0.020876826722338204,0.9736221316748874,0.031496062992125984,0.6814197247798681,0.02520150532836308,0.03036047721424873,0.07605721022870351,-0.00012728646322206493,0.01197185275062378,0.01896968933861396,-0.0025250681074151294,0.00017101256839358037,0.047501602527414644,0.003604999885533711,0.0003890707630319179,0.018667212289095847,0.0072765046587761175,0.003292564272795917
LR,17,0.16666666666666666,0.07096774193548387,0.9908961983622306,0.0995475113122172,0.733406210242203,0.1046586061512006,0.013683799287480316,0.01855962970872691,0.0029482960761155084,0.013389934667300162,0.03121408117991118,0.02079976987548,0.00882039391390379,0.059681791833194574,0.0152327177792984,-0.003100971491581661,0.00526723645730276,0.05282952916000192,0.018491376868127407
LR,18,0.043478260869565216,0.001364256480218281,0.9703977071964195,0.0026455026455026454,0.678650704126862,0.0026434980548688852,0.032293923189624485,0.06587471383975015,0.002066805411030126,0.010287096774193483,5.879292403743186e-05,0.003115504682622161,0.0014938605619145618,0.00028335067637870194,0.0017001040582725225,0.001468886576482764,0.02318563995837657,0.09691727367325687,0.016484911550468228
LR,19,0.034482758620689655,0.0297029702970297,0.9830382106244175,0.031914893617021274,0.45050483033061983,0.023473237061046655,0.020920090326764125,0.012866781192244714,0.03812635285665629,2.5330874073370425e-05,0.006275561197046619,0.0049781402559888836,0.009274468675145031,0.008203927495258601,0.0022476172041489663,0.009213756469981705,0.027798801017701824,0.11515186426671678,0.0136683237512772
LR,20,0.5,0.02127659574468085,0.9922866520787746,0.04081632653061224,0.5453511281479231,0.10196164651178964,0.015230305308870732,0.0868086462111558,0.00035780805803358183,0.010720027448289437,0.001611606705224955,0.01182286050387218,0.016345946475835715,0.028673169297127776,-0.00015439662778151674,-1.4704440740809233e-06,-0.0006254288795215724,0.00958484462307616,0.02636408195274973
LR,21,0.02,0.0037174721189591076,0.9848274541712535,0.006269592476489028,0.6484949320962908,0.003095425190530269,0.021728540533008944,0.0,0.0,0.0,0.0,0.0,0.0,0.03665761279613702,0.0,-0.00029676575624966174,0.03649766108344654,0.013690961219254593,0.021623660781650855
LR,22,0.0,0.0,0.9894745531844636,0.0,0.6030200266323783,0.0,0.01691358480953565,-0.006896256270642986,0.005538618869280487,-0.0036995066403172406,5.527839582120109e-06,-0.0007827420848246502,0.007976119733005337,0.001925622918422909,0.0011956717016072594,0.007230966957338913,0.010589958679399158,0.02122192893962218,0.03337930653252448
LR,23,0.0989010989010989,0.031914893617021274,0.9855048793434322,0.04825737265415549,0.6421929567838467,0.05002239570786048,0.01906706232548121,0.03034186851211067,0.009988158400615066,0.0033926951172625454,0.0022763552479814876,0.002241906958861839,-0.0013178008458285984,0.006887504805843814,0.0022643598615916583,0.0037588619761629526,0.0011206459054209582,0.03343729334871197,0.0430415993848519
LR,24,0.1,0.022556390977443608,0.984314117294435,0.03680981595092025,0.7171629331530527,0.04152125227537964,0.020013763138078074,0.029366983552135163,0.04007821538151999,0.0,6.865851818311785e-05,0.0,0.005217670137316976,0.00025149640360135896,0.0015630501483828274,0.0,0.01636512247874855,0.04904632563754332,0.031300236406619344
LR,25,0.0,0.0,0.9863071494323412,0.0,0.7244950167506241,0.0,0.019546211251666896,0.026209791395782632,0.0033168918536942817,0.003143902990559044,0.00016394369382100038,-0.007200096104923959,0.002355701283283329,0.0021496410198427853,0.0011087398948498085,0.008423031262366409,0.015380745095822167,0.04458307422692061,0.011872067386511299
LR,26,0.0,0.0,0.989884799100871,0.0,0.6571303480128818,0.0,0.01653582409965001,0.015535390626838997,-0.001136925358378571,0.005333270563127268,0.00019631381964551052,0.004991643716310112,-0.0005881568313599539,2.9815847907865846e-05,-0.00019293992106645953,0.0014177435680154727,0.014141578199907422,0.07155536724493725,0.010161005578702097
LR,27,0.0,0.0,0.9933201979912538,0.0,0.6808203944826723,0.0,0.013713532286441732,0.12326581790123456,0.004729723936899832,0.009350137174211227,-0.001318372770919085,-0.0034700788751714784,0.005838477366255135,0.002699974279835304,-0.0005501971879286804,-0.001164909122085045,0.01025998799725647,0.03201453189300407,0.007788708847736614
LR,28,0.0,0.0,0.0,0.0,0.0,0.0,0.0,0.021750426996532245,0.0011800631437296038,0.06996376999120131,0.054126598002173766,-0.00021427462346672587,0.011373117333471327,0.0984571191967289,0.0050380415092387,0.02659489674447495,-0.002675844935562344,0.005548367061746306,3.726515190725088e-05
LR,1,0.11724137931034483,0.06367041198501873,0.9830211561784126,0.0825242718446602,0.5517431497589278,0.07828575076288255,0.02038923498772694,0.03225347157065104,0.011250820979545838,0.030019351660724246,0.01364479733533488,0.013436503096265606,0.0005519328204164564,0.004948278288609398,0.011877111090260729,0.0025913632951772626,0.030264707262150404,0.06857571777068858,0.07240769844248443
LR,2,0.0,0.0,0.9822501747030049,0.0,0.7420385325340308,0.0,0.022726894933424835,0.008486582782757579,0.020526869503008926,0.0029503850523924457,0.0006933748544656782,0.005450911080250864,0.004006929540321891,-1.40274095516979e-07,-0.0006079479302556479,0.006089859585630375,-0.0006996871887668066,0.04421677958731367,-0.003389723519757548
LR,3,0.03571428571428571,0.031746031746031744,0.9787076467320867,0.03361344537815126,0.6845605147579201,0.022926928099055215,0.024085164525669563,0.020383505211454912,0.009267365201397103,0.0,0.0,0.0,0.0,0.0,0.0,0.0011405956145246865,0.0,0.12185573260035414,0.0
LR,4,0.0,0.0,0.9868956168097605,0.0,0.6455279777693571,0.0,0.018891090961858932,0.0008934870244394544,0.01462396069538927,-0.0013120433358528194,-0.00017668178382459487,0.045229276895943624,0.002722348198538738,-0.00013699924414207755,-5.7004283194728164e-05,0.0070855379188713655,0.0076086545729402875,0.0598059964726632,0.0023107205845302125
LR,5,0.3515625,0.234375,0.9889226027067379,0.28125,0.7422964974964756,0.281670148511523,0.018891392352907738,0.0,0.0,0.0,0.0,0.0,0.0,0.0,0.0,0.0,0.13013935790725328,0.13424256837098694,0.0
LR,6,0.0,0.0,0.9947922627904315,0.0,0.6335677208944194,0.0,0.012523212024392112,0.013634440104166678,0.00952799479166675,0.0056830512152777676,-0.0001600477430554692,-0.0006618923611110938,0.001186523437500009,-0.00019856770833328596,-0.00013834635416665186,0.023436957465277807,0.047667100694444506,0.008140190972222272,0.00455837673611117
LR,7,0.08235294117647059,0.0995260663507109,0.9803812696650009,0.09012875536480687,0.6455247141527469,0.08067009023529247,0.02623013333857802,0.043258060620698056,0.03335104455983582,0.024364207221350177,0.03103731433401773,0.018067866199734394,0.012776234754256844,0.08845550054341271,0.016270981765487358,0.00035261441854861353,0.02467093346214235,0.001898321458761143,0.019587006400193396
LR,8,0.0,0.0,0.9863706110659807,0.0,0.6661176436009812,0.0,0.01936501781498473,0.1040061993216683,1.415062554741553e-05,-0.0006949529435548385,-0.0008110779182858741,0.0005195301093864791,0.007435592192448448,-0.00013139866579825465,0.00037600233597618883,-0.0003681408773388961,-0.0006206060061545226,0.0696064778419172,-0.0004499000471688275
LR,9,0.12121212121212122,0.005788712011577424,0.9696017661543687,0.011049723756906077,0.71094247728542,0.020393266049089313,0.03513315901749151,0.0,0.0,0.0,0.0,0.0,0.0,0.0,0.03120181132406461,0.0,0.0,0.12945473882724431,0.0
LR,10,0.30303030303030304,0.029850746268656716,0.9856919661212071,0.05434782608695653,0.5809420401224793,0.09147967012488908,0.02164814142059081,0.08772455867353882,-0.001943449058706026,0.007978600195609854,0.013645234051197863,0.024980114391986264,0.0068698021491954584,0.002550195714593895,0.00018400732175727352,-0.0007742925896528253,0.02175504365618732,0.027089245435944043,0.010990761936077042
LR,11,0.03529411764705882,0.012295081967213115,0.9857615164205422,0.0182370820668693,0.6880568792045589,0.014588785738050782,0.018348589775469992,-0.006857028291378886,-0.004531075963466269,0.005301047003787018,0.0010674092225440024,0.0003296057028291166,0.0016315437736689864,-3.9474270438843996e-05,8.242370238358277e-05,-0.003663443974159053,0.0015244375139229493,0.05621572733348188,-0.012885898863889512
LR,12,0.2857142857142857,0.06578947368421052,0.991099504343655,0.10695187165775402,0.7015792867262993,0.13388259452733975,0.017994395642203294,0.0,0.0,0.0,0.0,0.0,0.0,0.0016690741736092197,0.011243617307175468,0.0,0.0,0.09123068395592585,0.036893812147272186
LR,13,0.0,0.0,0.9948240843870799,0.0,0.6709706920009071,0.0,0.01243231261061236,0.0013564750692519833,0.00040772160664810376,0.027151142659279693,-0.001366862880886499,0.012197022160664761,0.0073009002770082045,0.011715720221606584,0.0005799861495844105,-0.0007358033240997708,0.003273026315789407,0.05941655124653735,0.005148891966758873
LR,14,0.10273972602739725,0.04672897196261682,0.9774148534808,0.06423982869379014,0.6625232400587558,0.058810544610631094,0.02579117529520111,0.018650857234417572,0.0025188271110398786,0.03053356833840728,0.02616247396250604,0.0035154622656625722,0.010940554398333547,0.07179939112321747,0.0015382150296426866,0.035628905624098664,0.0007659029001763074,0.006864284569780499,0.005691395609677907
LR,15,0.125,0.004784688995215311,0.982466870540265,0.009216589861751152,0.6745958459126505,0.021310514931837953,0.021796215865713797,0.048852592657291714,0.0023427567667238637,-0.0011658466047496318,0.0008247202569849899,0.004011121786473293,0.0020574334488212996,0.003078580370920303,-0.00018206345047122596,-0.0017061169825604017,-4.522471637506964e-05,0.029608505352238378,0.007681893615162827
LR,16,0.07246376811594203,0.020876826722338204,0.9743941668453785,0.03241491085899514,0.6882073446643782,0.028241993771441095,0.029527764708425837,0.07007715024839181,0.0036661248597788854,0.004892859595705246,0.02094114145738426,0.00024243950459010844,0.0017714795906687898,0.05204528284608863,0.003411323000847033,0.0028138092076646303,0.02493990522195002,0.014935898903413403,0.0066813946567157115
LR,17,0.107981220657277,0.07419354838709677,0.9890891623587539,0.08795411089866156,0.7332702905960549,0.08413259117921053,0.014374252453179007,0.01944033542392163,0.003570416795603215,0.026962879345888546,0.00010294585536150259,0.018395796740774274,0.010229645093945704,0.0067946443748066136,0.009415013009880503,0.0005529961951003193,0.009727642400442793,0.11003177287407225,0.019105739601901962
LR,18,0.0,0.0,0.971222174237368,0.0,0.6847380741163299,0.0,0.03182158627328409,0.05752872008324659,-0.0002298647242456431,0.005582414151924997,-0.00016004162330909288,0.0034858480749218935,0.0033642039542143287,0.0001530697190426311,0.0021647242455774983,-0.0032972944849116058,0.024116753381893806,0.09509157127991667,0.009660978147762766
LR,19,0.03571428571428571,0.0297029702970297,0.9833178005591798,0.032432432432432434,0.45190325552453636,0.024194603856109664,0.02090735525134381,0.010330250572782829,0.03261410525806394,-1.1074114675846402e-05,0.0014912272538614157,0.0055943077189369635,0.014046109263357209,0.0038039676970865743,0.0013766148199570783,0.015173472749302409,0.05443245627585889,0.11477318538067949,0.02940378455542534
LR,20,0.6,0.02127659574468085,0.9923413566739606,0.0410958904109589,0.7311312289377655,0.11198199991484568,0.01936521578510951,0.0,0.0,0.0,0.0,0.0,0.0,0.0,0.26112930104891674,0.0,0.0,0.0,0.0
LR,21,0.0,0.0,0.9871248743598334,0.0,0.6113987998246531,0.0,0.01879731309758462,0.0037704340827928286,0.004870982344952646,0.005765303556159296,0.0016960917458881397,-0.0008510638297871021,-0.001686031889743833,0.019785725064131742,0.0011599014134099583,0.004297570544741336,0.01902519993964098,0.01689653437955858,0.015438861224284683
LR,22,0.0,0.0,0.9894745531844636,0.0,0.5972590571352854,0.0,0.016872022843847305,-0.0011157944196459103,0.0006257514406932341,-0.0005350948715467929,-2.7639197908158053e-07,-0.0008228189217948323,0.009856137974876033,0.0012915797183566502,0.001470405328837443,0.00403698124680425,0.011820732162352687,0.020321996655657128,0.02833653487375798
LR,23,0.07857142857142857,0.03900709219858156,0.9836674696827405,0.052132701421800945,0.658499535223551,0.04765881526094397,0.020457167679326125,0.021328565936178445,0.01876785851595546,-0.0005104190695885746,0.010303267973856233,-0.0005567089580929885,-0.0011583237216455267,0.03252103037293359,0.0035111111111111315,0.0003904652056901492,-0.0007540176855055147,0.028026605151864704,0.01772472126105349
LR,24,0.0,0.0,0.9866120491557598,0.0,0.7205441459054684,-0.0011600097285766402,0.019119433820334045,0.036438559428600234,0.028936170212765955,-0.0005686333685427814,0.0016344751270057634,0.0002318796841205728,0.00046149590060866607,0.001321865097329189,0.0005324178864242856,0.0024332277048438877,0.01186710930033703,0.0312431467230019,0.011188320507016791
LR,25,0.0,0.0,0.9863071494323412,0.0,0.7252940141640946,0.0,0.021034270049253293,0.024732319520605995,0.00672225676974394,0.0026589971168522685,0.0002950986488778229,-0.008462886539657478,0.0025258635310079435,0.001158912318389982,0.00010062750862118718,0.0032808525072078876,0.010118717847249692,0.044948838261066194,0.009004748713889987
LR,26,0.025974025974025976,0.027777777777777776,0.9796291093003653,0.026845637583892617,0.6412240724971352,0.016573705412804795,0.022792207364553344,0.00548776373294404,-0.0015996987030107545,0.023762524617690062,0.01936868865193129,0.0007909830598904488,0.0024973126505503317,0.004733422780876984,0.014225690276110314,0.00536308641103489,0.013309872968795244,0.15233261932223857,0.006074586697423956
LR,27,0.024793388429752067,0.02158273381294964,0.9877937430919314,0.023076923076923075,0.6232869727440109,0.017006363226912808,0.01741472310492827,0.10325960219478743,-0.0015414951989025428,-0.001212705761316779,0.05215663580246921,-0.005596707818929935,0.004546039094650301,0.022670610425240167,0.02041666666666673,0.01748713991769557,0.008852880658436302,0.031047239368998735,0.015451817558299098
LR,28,0.0,0.0,0.0,0.0,0.0,0.0,0.0,0.028681745251280977,0.01712333730138187,0.08887324672635988,0.026648724186118654,-0.0007359867501682604,0.0006811241654158362,0.043035039594223924,0.007193209461207983,0.03243620930593645,-0.0022938771285130775,0.011275813881269036,-0.0014843952176389452
LR,1,0.12307692307692308,0.0599250936329588,0.9836050846696313,0.08060453400503778,0.5519304497310713,0.07820940308060127,0.020590892054198763,0.031101168136611033,0.011841808969788037,0.03174376055545132,0.009028194783261423,0.013881943141302311,0.0006319196847438091,0.011132834490523446,0.015704752298742686,-0.0002318680803152784,0.024732008819665974,0.06096922499530873,0.07997325952336273
LR,2,0.05555555555555555,0.0026246719160104987,0.9815047752154671,0.005012531328320802,0.7282652292965373,0.008294734875084527,0.025162384846072316,0.0,0.0,0.0,0.0,0.0,0.0029743719227370404,0.0,0.0,0.0,0.0,0.08641094699041926,0.0
LR,3,0.03910614525139665,0.027777777777777776,0.9806980188853915,0.03248259860788863,0.6330705052721726,0.023360963977823525,0.02111715979930521,0.02057942560329553,0.015974331948663777,9.114018228029153e-05,0.002123779803115089,-0.007431954863909884,0.0038743877487753984,0.00032584509613458045,-0.0001315780409339551,-0.0006548590874960514,0.00012606691880039377,0.07613188115265104,0.005392357451381402
LR,4,0.0,0.0,0.9868956168097605,0.0,0.6409640646709612,0.0,0.018756178453887697,0.0007643613000755112,0.020023305618543662,-0.00045194003527340156,0.002583459309649716,0.046089065255731906,0.0014824263038548447,0.0002963592844545282,-3.4958427815667827e-05,0.005511148904005991,0.008237906273620466,0.04965388007054663,0.0036192995716804567
LR,5,0.3103448275862069,0.234375,0.9881038385589751,0.26706231454005935,0.7420395115291754,0.2638030593359836,0.016860290571993022,0.011014387633769385,0.0,0.019227467300832378,0.0,0.004527229488703965,0.0,0.0,0.0,0.003157550535077358,0.15090071343638525,0.11319357907253272,-0.0008463733650415639
LR,6,0.0,0.0,0.9900423486322536,0.0,0.6834064227206953,-0.004998447094401869,0.04240129392244396,0.0,0.0,0.0,0.0,0.0,0.0,0.0,0.0,0.0,0.1890540907118055,0.0,0.0
LR,7,0.12962962962962962,0.0995260663507109,0.9846844345733852,0.11260053619302948,0.6686768412956741,0.10594452257204809,0.022846021191647158,0.040323632411544505,0.03701243811133921,0.0261490158193455,0.058316628426518614,0.017674193937930193,0.010047095761381474,0.13999033933099866,0.0019176427967636522,0.0017437507547398035,0.012585436541480477,0.02354305035623718,0.004929356357927772
LR,8,0.0,0.0,0.9853777416734363,0.0,0.6636940437347891,-0.003705782258761818,0.023155873042908184,0.1231275128591001,0.0,0.0,0.0,0.0,0.0,0.0,0.0018708025426202868,0.0,0.0,0.08634150176321279,0.0
LR,9,0.0,0.0,0.9704933344654836,0.0,0.491708555579883,-0.002265723741432333,0.032519253142097845,0.03564942327090912,0.002288167185649681,0.007685298890399461,0.0034485329590807413,-0.0017574887066357902,0.0005569931143370122,0.015488465418183361,0.009829064514714192,-0.0007015043199859905,-0.0006052366124293495,0.08492324898030786,0.011746743563878725
LR,10,0.2857142857142857,0.029850746268656716,0.985609736041444,0.05405405405405406,0.5751462390386833,0.08857482145474967,0.021766118058868595,0.09571365143325077,0.002848218044278239,0.009846695470605104,0.018196577455438057,0.030933544999696406,0.006537851767923741,0.009609492314877488,-0.00034275709399955723,0.0028111485064327814,0.027380565928277777,0.02479101786249096,0.01470259549594648
LR,11,0.0,0.0,0.989243993828521,0.0,0.6938703017968428,0.0,0.017062797371385417,0.008634083314769425,0.002481889062151943,-0.0025214524392960904,0.0009465805301849039,8.197816885724408e-06,0.0022071730897750053,0.0009511249721541271,0.0007266651815549307,-0.004932590777455959,-0.005555713967476028,0.04145947872577409,-0.005093339273780417
LR,12,0.22448979591836735,0.07236842105263158,0.9904599477695465,0.10945273631840796,0.6641376845611962,0.12352220269422357,0.01741445209728779,0.015940439398011173,0.011330959419510766,0.012586166353130746,-0.00014243482934710449,0.010956060198871142,0.0021170384305293057,0.00462442891695769,0.0008124496103196766,0.008773011287288246,0.003558351249663927,0.052859446385380114,0.04033878661650081
LR,13,0.0,0.0,0.9947585664679289,0.0,0.6368566679115925,-0.0005838680671245148,0.0221766011938733,0.0,0.0,0.0,0.0,0.0,0.0,0.018515841412742408,0.0,0.0,0.0,0.1169849376731302,0.013808431440443237
LR,14,0.0,0.0,0.9834099953485969,0.0,0.6558193958468812,0.0,0.021790261449837107,0.02279121935587245,0.0015574427175131466,0.03599102707899371,0.0007498798269507612,0.0024226886716871565,0.02279121935587238,0.009966351546226538,0.0005255568017945355,0.023710943759012927,0.002493190193879169,0.01930780323666075,0.013984938311168028
LR,15,0.0,0.0,0.9829561671763507,0.0,0.6763225972404132,0.0,0.02217335300494814,0.042743276948010965,0.0015159014372919221,-0.0012746382507933696,0.0012713385933754485,0.0048412767733232885,0.0011045117962752648,0.005547791655748679,-6.968100076665262e-05,0.006632893702506792,0.007999340068516414,0.0291253966867558,0.007210042604400191
LR,16,0.05063291139240506,0.016701461377870562,0.973364786618057,0.025117739403453687,0.7007482508481095,0.017520286974529346,0.03075440985925612,0.0747795380142395,0.001304514548659541,0.0062151736452919605,0.03144719672168672,0.00024427096449251005,-0.0004670222751311348,0.05507360179483067,0.006621528811153543,0.0011877017467548435,0.023974039055882378,0.011692612348618358,0.002091870607357782
LR,17,0.13450292397660818,0.07419354838709677,0.9900498650441466,0.09563409563409563,0.7384234212810483,0.0951533093235257,0.013802008287237613,0.01105329910521662,-0.0005116783835495076,0.017211919404117017,0.034455480929738005,0.012503868096809256,0.007306192005787993,0.044884305769239165,0.01596218635727704,0.0060070344881691055,0.012063057605223148,0.05906433462197249,0.020147924738821744
LR,18,0.04263565891472868,0.015006821282401092,0.9619567351105178,0.022199798183652877,0.6753254875074408,0.00838503027755263,0.038197198568627716,0.051276690946930416,0.003799791883454873,0.002430489073881481,0.02482497398543193,0.006770759625390399,0.001790842872008458,0.02669469302809584,0.00522882414151935,0.018818938605619208,0.040642247658689,0.1134804370447452,0.01593610822060365
LR,19,0.028735632183908046,0.024752475247524754,0.9829450139794967,0.026595744680851064,0.4315053435910907,0.018092135628216877,0.021137732289707098,0.0025566129215375266,0.03253842903912041,-5.788318763275679e-05,0.00042105831312384546,0.004549209084868644,0.013139669712203284,0.004229027581059719,0.00011911652760430159,0.009334306118308744,0.0092508128772411,0.13637498627368136,0.0027877920448771353
LR,20,0.75,0.02127659574468085,0.9923960612691466,0.04137931034482758,0.7717589817637557,0.12552234285939362,0.014305562404710105,0.0,0.0,0.0,0.0,0.0,0.0,0.059944613273208366,0.12762131163611395,0.0,0.0,0.0,0.0
LR,21,0.1,0.0037174721189591076,0.9867419709950701,0.007168458781362007,0.6591905053051124,0.01691157028328209,0.0312649667146276,0.0,0.0,0.0,0.0,0.0,0.0,0.2823957547407071,0.0,0.0,0.0,0.0,0.0
LR,22,0.0,0.0,0.9893920006604202,0.0,0.5994090327604427,-0.0009371326318193695,0.019784074715126866,0.0,0.0,0.0,0.0,0.0,0.0,0.0,0.0,0.0,0.0,0.03174914663976454,0.06907947651359159
LR,23,0.0,0.0,0.9884855661263321,0.0,0.633511026466038,0.0,0.01771882129487307,0.013391157247212604,0.0060479815455593885,-0.0005407151095732754,0.0002921953094963348,-0.005056516724336868,-0.0015292579777009152,0.006208996539792344,0.004017224144559716,-0.0013668589004228958,0.0008698193002691035,0.007974778931180282,0.014457823913879264
LR,24,0.06896551724137931,0.007518796992481203,0.9854630832250975,0.013559322033898305,0.7211278880676784,0.018520697405228267,0.019381120511075843,0.0259177103767416,0.04104924299582517,-0.001450128263165862,0.00020547256174230366,0.0002504904179869927,0.00403073286052007,-0.0005434837281827365,-0.0004084301594487583,0.0018225944368995383,0.014331019566420179,0.04690257029324476,0.026262008953271954
LR,25,0.0,0.0,0.9863071494323412,0.0,0.7224226342296591,0.0,0.019302219840649594,0.021648340776753882,0.008976765221324068,0.0050391486234383056,0.0002491661484538499,-0.010041409915766875,0.0029507038272372555,0.00010218214709714068,0.0011566510260614172,0.006685934761716328,0.011552518514330945,0.045135818870484436,0.001875317994233705
LR,26,0.03278688524590164,0.037037037037037035,0.9792076425962349,0.034782608695652174,0.6426950060098893,0.02435875004117515,0.023158459567577738,0.004083908073033183,-0.002328303870567772,0.027054508077740923,0.02035088545222017,0.004479124983326676,0.0017927170868347942,0.0114085634253702,0.015277326616921338,0.00470627466672946,0.014949823066481493,0.13704995723779717,0.0020633351379768738
LR,27,0.19047619047619047,0.05755395683453238,0.9920707386227113,0.08839779005524863,0.6176711461019864,0.10147248799018023,0.016406297254219594,0.13624914266117974,0.0008856310013718005,-0.00168552812071332,0.06172153635116595,-0.0052902091906721575,0.00814943415637861,0.02354766803840882,0.021158264746227708,-0.0025968792866940538,0.002514146090535019,0.02485768175582994,0.011919581618655717
LR,28,0.0,0.0,0.0,0.0,0.0,0.0,0.0,0.025305626002794845,-0.000552248848403325,0.038004761658299205,-0.001478701930541937,0.0001707986129082739,0.0011852388592722418,0.01376274519952383,-0.0009249003674758783,0.023221882925314373,0.010624191294446406,0.03725790590549134,0.01311992132912374
LR,1,0.0,0.0,0.9876925841081615,0.0,0.5646392636591059,-0.001953931070336624,0.01792783481286035,0.029800971101520003,0.006306999437042537,0.021576163445299314,0.004421678551322916,0.014389894914618062,0.009946753612309945,0.004941945017826965,0.00024218896603493966,0.0019230859448301275,-0.0004747607431038192,0.06731574873334585,0.00933793863764303
LR,2,0.09090909090909091,0.0026246719160104987,0.9818308874912649,0.00510204081632653,0.7479393138606678,0.012545946837931168,0.023465920266829934,0.005947902200900646,0.013462946597651926,0.006196047075986555,-0.00025165172747538823,0.018452496177530954,-0.0008382779952025077,-9.286145127578305e-05,-0.00216877779180511,0.0011864383004390965,-0.00018488125797799793,0.04886420064806642,0.002262060065367755
LR,3,0.0374331550802139,0.027777777777777776,0.9803277170894279,0.03189066059225512,0.6880388700066014,0.022425789658328168,0.024235356788079622,0.02909714041650313,0.0,0.0,0.0,0.0,0.0,0.0,0.0,0.0,0.0,0.12953265684309156,0.0
LR,4,0.0,0.0,0.986127428829643,0.0,0.6392506631299735,-0.003195018003277896,0.01897596336148027,0.0032281431090954273,0.011210002519526262,-0.001818153187200866,-0.001453136810279676,0.060971277399848776,0.003891723356009025,-0.0002865961199294498,5.8893927941472414e-05,0.001871693121693152,0.023766061980347676,0.05855253212396068,0.0025166918619298874
LR,5,0.0,0.0,0.9907527813899726,0.0,0.7292381923176641,0.0,0.015232984060898708,-0.00035945303210462856,-0.005101545778834771,0.004531034482758623,-0.00030653983353154943,0.02439441141498213,0.002644827586206788,0.0001607609988109715,0.00013626634958383566,0.00983091557669442,0.038286087990487494,0.07473816884661114,0.001718668252080846
LR,6,0.027777777777777776,0.04395604395604396,0.9870092709167907,0.03404255319148936,0.6715838955958613,0.028584037602797787,0.015999773045198822,0.0007188585069444642,0.0037033420138889326,0.02191026475694442,0.0013633897569444553,0.02077799479166671,0.008100585937499983,0.004141167534722245,0.0009803602430555447,0.004303385416666705,0.14288953993055553,0.012625325520833352,0.018620876736111146
LR,7,0.0,0.0,0.9902369054229132,0.0,0.6082763772167266,0.0,0.01624853685486798,0.02290061586764882,0.02672382562492448,0.02330394879845419,-0.00027532906653788826,0.018620939500060295,0.001487743026204491,0.00450428692186926,0.002760536167129479,0.009117256370003579,0.02725516241999757,0.008682526264943813,0.018681318681318594
LR,8,0.0,0.0,0.9863706110659807,0.0,0.6748824182124054,0.0,0.01939131671531187,0.09010758967678179,7.030390152964471e-05,-0.002225915859931238,-0.001833292154264221,0.00017340131623284628,0.008911749511466538,-5.323330563105078e-05,-0.001630466521416829,-0.003398845488645752,-0.0022402910985826587,0.07499472159205775,-0.003760921812178486
LR,9,0.05263157894736842,0.001447178002894356,0.9699414112252696,0.002816901408450704,0.5038533179418361,0.003922261364211909,0.03242253431701487,0.02937272488048768,-0.0003612780141222016,0.01846859786851456,0.004926428665409421,-0.0013985132231042919,0.0035829568878557928,0.015875290557431664,0.007638151835445828,0.00146780842945482,0.0008402043770010081,0.0777354063418271,0.01171516600149114
LR,10,0.15,0.05373134328358209,0.9827727982896144,0.07912087912087913,0.5958356796498601,0.0823029466160955,0.02212159764900247,0.09594360822734309,0.002057464066633008,0.008386909636194928,0.02627495125460484,0.03255285550629235,0.006978769835867804,0.01767946787411436,0.0003555115282073862,0.0010885040451870998,0.029002284907671715,0.03428565743977245,0.009334298118668571
LR,11,0.08,0.01639344262295082,0.9873925501432664,0.027210884353741496,0.6411261661727181,0.031550019304486226,0.018110795105289818,-0.005227801292047185,0.0009906883492983188,0.0136515036756516,-0.00047689908665622395,0.00034671419024290273,0.002524749387391423,-0.0005193138783693207,-0.0009873914012029194,-0.0023945644909779016,0.019445667186455816,0.028414969926486955,0.032166362218756996
LR,12,0.0,0.0,0.9918989500612908,0.0,0.6737358565534248,0.0,0.01528483657562585,0.009681537221177084,0.005102123085192112,0.00652059258263904,0.0008435232464390596,0.005308048911582897,0.002129803816178466,0.0017114015049717545,0.002342952163396905,0.002733136253695223,0.0012127116366568158,0.04020525396398815,0.00842481859715134
LR,13,0.0,0.0,0.9947585664679289,0.0,0.6382030218351096,-0.0005838680671245148,0.024439399211985784,0.0,0.0,0.0,0.0,0.0,0.0,0.021856821329639797,0.0,0.0,0.0,0.1202960526315789,0.005852233379501359
LR,14,0.07894736842105263,0.009345794392523364,0.9817561631092047,0.01671309192200557,0.6684032450620401,0.021656416736945527,0.022616197586154983,0.03976606313090849,0.004454414356673597,0.0327511616728088,9.613843935296628e-06,0.012187149495273174,0.018099663515462237,0.02008972921006249,0.0014773273513860152,0.02596699246915557,-0.0001762538054798979,0.022627784008972918,0.0032558884794103627
LR,15,0.0,0.0,0.9829561671763507,0.0,0.6797743136014613,0.0,0.02229421988234515,0.04728991372366338,0.0034175716462379047,-0.0015955784590599542,0.0013846915305557594,0.0008507293213380951,0.00012315486068652514,0.004568860938849606,-0.0002346638716627547,0.005360293475412692,0.0064107491192825885,0.0272213973078677,0.011849846177735036
LR,16,0.0718562874251497,0.025052192066805846,0.973321895775252,0.03715170278637771,0.6886066701991618,0.030723768159341313,0.030189505320973323,0.06040830109200812,0.0016867745701793836,0.007760010073029644,0.022885694008836978,0.00016620498614972057,3.720152926913745e-05,0.04534448616103126,0.0036556511984617624,0.00032416840273816747,0.013605572216753403,0.013345047045626335,0.004396877360866425
LR,17,0.11616161616161616,0.07419354838709677,0.9894322704606798,0.0905511811023622,0.7391887774514585,0.08767804630861979,0.014058131765249875,0.01503510706456126,0.0032630610919582637,0.01911192855679671,0.002693328568128606,0.02118535919909692,0.006259038271276718,0.007172475712710446,0.009934057121438623,0.0029770616411191053,0.014717596244786257,0.10582502691323696,0.015166949237494665
LR,18,0.058823529411764705,0.002728512960436562,0.9700443641788701,0.0052151238591916565,0.6925659216915235,0.006570533120279689,0.03273279131158952,0.06624869927159201,-0.0020693028095734255,0.01086274713839741,0.0017736732570238223,0.002237877211238204,0.00543870967741924,-7.24245577524485e-05,0.0027238293444327823,-0.0008460978147763143,0.025168886576482707,0.11189719042663879,0.01330020811654511
LR,19,0.038461538461538464,0.034653465346534656,0.9827586206896551,0.036458333333333336,0.45057748789273505,0.027822072992910524,0.02148049316948125,0.0136376698573766,0.03913009572129715,0.00010316608007978622,0.005012553765292038,0.004923160533716509,0.01187344241181192,0.007632484566034337,0.0021189899662937607,0.017057821768173165,0.03623334927757689,0.11640789221443211,0.018924340531818108
LR,20,0.2727272727272727,0.02127659574468085,0.9920131291028447,0.03947368421052632,0.5385822797084298,0.07433059569619252,0.015978008492751248,0.09584256445446526,0.0005224977943339093,0.021374865209293194,0.007408097245368062,0.013134006469953908,0.017856582687971766,0.027984021174394646,0.00183315361239087,0.0016875796490540163,0.023914812273306586,0.011976276835604338,0.027140966571904658
LR,21,0.0,0.0,0.9871248743598334,0.0,0.6148374254847278,0.0,0.018745793540554223,0.0053699512096977205,0.0006981540163975897,0.0062602484784467505,0.005816608822493907,-0.0025038981942558046,-0.0009315426789396674,0.02396961923444494,0.005027916100799779,0.006433278004124565,0.017031336451888746,0.00995825159700221,0.025874955988129434
LR,22,0.0,0.0,0.9894745531844636,0.0,0.6054180858059893,0.0,0.01686885176344838,-0.00610923011014215,0.0016659526540539816,-0.00389311922168023,0.00039468774616160387,-0.0008613756028799768,0.009811086082281895,0.002159035944776866,0.0019141526512900687,0.006375119194040968,0.013457663658600617,0.02349235085197827,0.033716090159063586
LR,23,0.25,0.0035460992907801418,0.9884039034747458,0.006993006993006993,0.6431885715089254,0.028570500162685177,0.017692309915599974,0.014877354863514047,0.0069725490196078654,0.0006700499807766435,0.0002517493271819271,-0.00519707804690499,-0.002517185697808455,0.00711787773933108,0.006879200307574029,-0.007590157631680095,-0.008868281430219093,0.007774394463667855,0.006705420991926192
LR,24,0.0,0.0,0.986462184034369,0.0,0.7237719526641635,-0.0018342738908523398,0.018974864001109794,0.030149137367335644,0.03360117700316885,-0.0008316986067099519,-0.0003453045621447659,0.001526331673457082,0.00240329963281527,-0.0006684774407725858,-0.00021754438911527618,0.0033856445852824104,0.013964337809969262,0.037504149690659405,0.019591569840551236
LR,25,0.0,0.0,0.9863071494323412,0.0,0.7201947004740065,0.0,0.019398617293001384,0.019804256882808513,0.009440754140991593,0.0011047826332749367,0.0005872293515744254,-0.009138730284357499,0.0060738311945277125,6.925207756269813e-06,0.0009989258861439199,0.00604203177115723,0.014715218497371296,0.03970264005879365,0.011166120187687279
LR,26,0.03496503496503497,0.023148148148148147,0.9836564578064999,0.027855153203342618,0.610545493809639,0.020390663414480193,0.020080460592993708,7.854122040975575e-05,0.0,0.03389685285879063,0.0,0.0,0.0,0.0,0.0,0.0,0.003294572731053247,0.13923891125077487,-0.00014931462781182515
LR,27,0.2727272727272727,0.06474820143884892,0.9925993560478639,0.10465116279069768,0.6472650036719535,0.1301693415107278,0.01550615850422854,0.11447788065843609,-0.00543424211248289,0.0012560013717420881,0.05471493484224956,-0.006356310013717481,0.0058457647462275995,0.026208419067215293,0.01709919410150884,0.0007814643347050287,0.0027863511659806496,0.020579561042523963,0.011195130315500568
LR,28,0.0,0.0,0.0,0.0,0.0,0.0,0.0,0.033357486672532445,0.01004295843900418,0.06343253454790124,0.03273536566430309,0.00013353346100093423,0.007558614978520839,0.08519020754619322,0.0022835256974276462,0.008731432120490679,0.002253506547280182,0.0024501837379017786,0.0012711557372807158
LR,1,0.12101910828025478,0.07116104868913857,0.9826618155684319,0.08962264150943397,0.550349978511585,0.08440758640889248,0.021418554871882066,0.03072750516044285,0.015294614374179005,0.033383139425783456,0.013166400825670888,0.016176346406455266,0.0002306952523925654,0.00764085663351477,0.02032053387127042,0.0006267592418840229,0.03333833739913681,0.06445182022893596,0.0925374132107337
LR,2,0.0,0.0,0.9822501747030049,0.0,0.7490492348814963,0.0,0.022622622660787878,0.013600976307705204,0.01027662051648921,0.002455357769080746,-1.0660831264353021e-05,0.01307200269326263,0.006107814669864852,1.402740955791515e-06,1.8235632425422922e-06,0.004143556509419377,0.00044985902453393846,0.038754786853511705,-0.003326039080363041
LR,3,0.009009009009009009,0.003968253968253968,0.9832901314571376,0.005509641873278236,0.6435546352298882,-0.001777352196361509,0.01889830183591966,0.020639772390655776,0.010995859769497218,0.00025048050096083686,2.121782021327068e-05,-0.013783247566495294,0.004087185952149563,0.00016684922258716206,6.441123993348175e-05,0.0005013054470551336,0.0004067897024681466,0.06675780684894692,0.006565813131626163
LR,4,0.06382978723404255,0.010344827586206896,0.9850429281518301,0.01780415430267062,0.6486320575975748,0.02057792147906296,0.021853535065652838,0.0,0.016245433358528683,0.0,0.0002640778533636867,0.06566499748047376,0.0,0.0,0.0,0.0,0.03810909549004797,0.10695546737213413,0.003302311665406954
LR,5,0.3333333333333333,0.234375,0.9885854645282474,0.27522935779816515,0.7416834024030593,0.273911669359575,0.015200193312862738,0.013353388822829926,-0.0013617122473246646,0.01547086801426869,0.00040737217598094675,0.014022829964328132,0.003020214030915547,2.663495838284291e-05,0.0005626634958382448,0.0006192627824018083,0.041865873959571955,0.09244875148632577,-0.0004956004756243137
LR,6,0.0196078431372549,0.02197802197802198,0.9891839304108961,0.02072538860103627,0.6566596264001775,0.015330281601106043,0.013075821229261802,-0.0018614366319445797,0.003302408854166594,0.007724066840277643,0.0006570095486109872,0.01857638888888886,0.007635091145833206,2.7669270833241554e-05,0.0001790364583331483,0.0008924696180554248,0.18498372395833323,0.015750868055555457,0.007698567708333303
LR,7,0.08196721311475409,0.023696682464454975,0.9878771053118638,0.03676470588235294,0.6419617411685816,0.039068782029183735,0.019536450048871723,0.04257939862335467,0.027656080183552766,0.028192247313126508,0.0032000966066900727,0.019502475546431676,0.00842893370365907,0.0012558869701727593,0.006571670088153581,0.0006376041540877564,0.014225335104456005,0.002062552831783626,0.022825745682888598
LR,8,0.0,0.0,0.9863706110659807,0.0,0.6780226291536171,0.0,0.019715581092207522,0.09385660699445209,-0.0007257249387928822,-9.388827744210016e-05,-0.0018270029873542315,-6.513780013861492e-06,0.004816154174434551,0.00010017744435215636,-0.0038276319040452256,-0.0007854720244378166,-0.0017450192044203173,0.07740774016756144,-0.007139776734574643
LR,9,0.0,0.0,0.9700687781268574,0.0,0.5045677604086456,-0.0042396812269709155,0.03238016238229591,0.03279121529757474,-0.001113218718477227,0.017361738520240387,0.0016440068418052567,0.00010273672207361528,0.0033893250296040288,0.014449695188807543,0.005831432831893313,0.0039464277882549584,0.00026303670891631993,0.07208444805052414,0.0097694180079821
LR,10,0.11009174311926606,0.03582089552238806,0.9827316832497327,0.05405405405405406,0.5830586717058805,0.05544804526018338,0.02187669156427019,0.08647883371275496,-0.0007116722969082057,0.008533491384997437,0.006734906729272949,0.021411218456859914,0.006037224517834084,0.0,0.0,0.0,0.0035564765927858176,0.045476678653181855,-0.0008645789047104557
LR,11,0.04878048780487805,0.00819672131147541,0.9876129601057968,0.014035087719298246,0.6586462424967181,0.015685610447227424,0.017921565451390394,-0.007979416351080371,0.0007621296502561936,0.012066295388728032,-0.0005874805079082223,0.007623256850078008,0.0015242593005123871,0.00023702383604369271,0.0003324571173981106,0.0019957228781466,0.006432880374248185,0.05630144798396082,-0.0004894631321006981
LR,12,0.07913669064748201,0.07236842105263158,0.9856632734637318,0.07560137457044673,0.700731775774938,0.06846093885279361,0.01845461366939518,0.01958025396398806,0.009684560601988723,0.0021590298306906506,0.00033727492609509914,0.008551632625638272,0.0021187180865358314,-0.00021549986562758862,0.0013334789035205352,9.624428916956695e-05,2.1667562483163038e-05,0.09963467481859715,0.03975980919107771
LR,13,0.0,0.0,0.9948240843870799,0.0,0.6752756899334409,0.0,0.013449609438934335,0.005802458448753623,0.002991689750692661,0.029775796398892117,0.0018542243767314392,0.015190443213296568,0.0054631232686982,0.013457409972299295,0.0038183864265929346,-0.0028514542936286746,0.0035283933518006627,0.05402094875346275,0.008080851800554156
LR,14,0.0,0.0,0.9834099953485969,0.0,0.6644191180467284,0.0,0.021619780139225924,0.04924531325108168,0.0016920365326070774,0.017045345297228075,-0.00024995994231680196,0.002432302515622586,0.006748918442557428,0.01586284249319032,0.0005832398654062931,0.01982695080916532,0.008017945842012607,0.014439993590770816,0.011193718955295773
LR,15,0.0,0.0,0.9829561671763507,0.0,0.6792225470852338,0.0,0.022242377964651394,0.04345978785143782,0.00597626187634055,-0.0016052833338185079,0.0007437816014984833,0.0033106239263982927,0.00013654758785339727,0.003972205238691439,-9.67576013430671e-05,0.0016300307644530054,0.007558932851971578,0.026678797760114947,0.00732659815025094
LR,16,0.047619047619047616,0.022964509394572025,0.970491100150118,0.030985915492957747,0.6744030046686713,0.01909263560845002,0.030845173161228884,0.07442114420457406,0.0010769556557771898,0.005154014331173751,0.021908667383988424,-0.0008182047114306367,-0.0015929122501773918,0.054712632494677324,-0.00013598589775878355,0.0030608845951328955,0.016593427348275024,0.002156544035164032,0.013782651496073805
LR,17,0.0967741935483871,0.04838709677419355,0.9900498650441466,0.06451612903225806,0.7412726805226925,0.06375482454369759,0.013536082651204599,0.018010338169725394,-0.00056010041797252,0.010804171878609204,0.0008247872001951428,0.015832218304487666,0.007117210960551823,0.0069330677603390845,0.006104750240802525,0.0028158437245303205,0.02188026551488178,0.09664902959802293,0.012808390828143001
LR,18,0.04897959183673469,0.01637107776261937,0.9625456401397668,0.024539877300613494,0.7159316126870449,0.01190857785520278,0.03684479201914893,0.05120822060353798,0.0028415192507804665,0.001274817898022884,0.047189594172736736,0.009697710718002095,0.0016022892819978819,0.04621009365244533,0.005304162330905316,0.032439854318418296,0.03599823100936526,0.10031103017689906,0.015684599375650365
LR,19,0.031578947368421054,0.0297029702970297,0.9822926374650512,0.030612244897959183,0.4436314715298795,0.02169576187175315,0.022609388234235663,0.004979852556073116,0.028406872279164407,-1.1055502718382293e-05,-5.8906845291972765e-05,0.0041147315504317826,0.00852946924280964,0.0026085775067048013,3.4804360408369207e-06,0.007698705910599246,0.019735356577186502,0.13368045874752682,0.011059839304359342
LR,20,0.3333333333333333,0.02127659574468085,0.9921225382932166,0.04,0.5265385621436355,0.08260590871970565,0.015709876378415446,0.08462846779727481,-0.001680717576708135,0.020210273502597808,0.0050098029604940695,0.01644985785707287,0.019917164983825165,0.0015317125771983297,0.0006371924321145305,-0.0012822272326242557,0.026596902264483947,0.011639054994608423,0.019347122831094965
LR,21,0.09090909090909091,0.0037174721189591076,0.9866941080744747,0.007142857142857143,0.6256780096671579,0.01588664485868933,0.027141738176919315,0.0,0.0,0.0,0.0,0.0,0.0,0.06683718122830833,0.0,0.0,0.0,0.0,0.08702027061013014
LR,22,0.0,0.0,0.9894745531844636,0.0,0.5998022202373358,0.0,0.0168749279655134,-0.0024529788145547958,0.0017957186882436415,-0.006167410621743685,-1.6859910725397496e-05,6.191180331944768e-05,0.008587775182764212,0.0010563701441383966,0.001003855668108522,0.004112159865120724,0.010656569146363393,0.023250646066251178,0.031908624811707996
LR,23,0.0896551724137931,0.04609929078014184,0.9836266383569474,0.06088992974238876,0.6597708225854695,0.056525087436476204,0.02034445182089736,0.02371164936562864,0.013623990772779714,3.629373317957096e-05,0.0015466359092656922,-0.004566858900422899,0.0024710495963091274,-0.0011081891580161595,0.02453379469434831,0.0012138408304497971,0.0008490580545943871,0.03382852748942713,0.04255009611687808
LR,24,0.07692307692307693,0.018796992481203006,0.9839644320111899,0.030211480362537763,0.7283619513546928,0.03171927121794378,0.02104435391586931,0.038581434535485924,0.036914013379608465,-0.0009153211609075562,0.0007206629445197343,-0.00010474825210022853,0.0016983552135203307,0.000966626427241879,7.758664051085162e-05,0.0,0.018856445852824134,0.07010839494995202,0.015087520748453098
LR,25,0.0,0.0,0.9863071494323412,0.0,0.7267145629397005,0.0,0.019448826889843045,0.019735994120639956,0.009474956187461058,0.0011261235796256707,-2.7135507942843694e-05,-0.0077587766408503175,0.0038645485895188346,4.974843122842465e-05,0.000319124879868804,0.008956413590366807,0.01263977613205942,0.04385069817400635,0.007978969981344286
LR,26,0.0,0.0,0.989884799100871,0.0,0.6634994287977067,0.0,0.016539897807747065,0.024109094618239447,-0.0010240959128750226,0.011127195976429772,0.00012279421572545247,0.004139459705450754,-0.0005697965460693899,9.031063405748885e-05,0.00020408163265299705,0.0015064064841621815,0.01141311426531395,0.07169228475704001,0.006971023703599033
LR,27,0.04895104895104895,0.050359712230215826,0.9871209572781008,0.04964539007092199,0.6564758643013022,0.04316765300982845,0.018159659240597145,0.13486068244170094,0.0010258058984910835,0.011362311385459466,0.04264917695473247,0.006262002743484163,0.006707818930041065,0.011612654320987592,0.00888203017832645,0.03180341220850471,0.016692815500685843,0.04826903292181066,0.019468878600823046
LR,28,0.0,0.0,0.0,0.0,0.0,0.0,0.0,0.02015320118006312,0.012900988561668592,0.03245380673878162,0.07935924641581697,-0.002181046529682762,0.0002784534961959073,0.13094353294342947,0.006053516898711209,0.008572020081776311,-3.8300295015791794e-05,0.023884892086330954,0.0005745044252368325
LR,1,0.0,0.0,0.987962089565647,0.0,0.5698877494239675,-0.0007384169990019864,0.018081165580727025,0.027631474010133328,0.009002275286170125,0.02252111090260849,0.0030208528804654745,0.007615992681553862,0.00975851473071887,0.0034264167761307142,1.0907299681073291e-05,0.0023056624132108184,-0.0017982970538561681,0.0652961390504786,0.01192449333833756
LR,2,0.10344827586206896,0.007874015748031496,0.9811786629396693,0.014634146341463415,0.7459378210193846,0.02387217535142871,0.02322829349596583,0.011646537333950468,0.013442606853792217,0.015615452594369339,-0.00023692294743939967,0.03198964777174591,0.0077204056726843055,0.00014125601425176714,0.0003154764409655231,-0.0011491253910141052,0.003934407832905417,0.049738248537642415,-0.0026074148886926275
LR,3,0.0,0.0,0.9882892057026477,0.0,0.6654575312078121,-0.0007391353223801572,0.017700026639719115,0.027472530500616665,0.011362693836498905,0.00016230254682740862,0.0012135490937649873,-0.011734350135366856,0.004578364712285099,-1.6946700559983265e-05,7.832682332045148e-05,0.0023651669525562415,0.0019895839791680857,0.08328607546103992,0.007699382065430904
LR,4,0.058823529411764705,0.017241379310344827,0.9835065521915951,0.02666666666666667,0.6248599532651257,0.02496368080197983,0.02221447066879562,0.004517825648778007,0.02197814310909545,-2.2204460492503132e-17,0.0020663265306121613,0.09109945830183916,0.007082703451750949,-0.0002711640211640942,0.0005530360292264724,0.0003574577979339466,0.027379377676996674,0.05219387755102032,0.01206002771478958
LR,5,0.1796875,0.23958333333333334,0.9828541154939074,0.20535714285714285,0.7218187669129681,0.19895412454507613,0.017930613512464975,0.014874078478002506,0.0013552913198574324,0.024189179548157115,0.0003405469678955386,0.006377407847800431,0.0021560047562426687,-0.0005449464922709479,0.0016411414982165252,0.014640190249702867,0.16842282996432834,0.11047324613555305,0.002369084423305701
LR,6,0.0,0.0,0.9933615657548358,0.0,0.6398205142955762,-0.0027386911859403167,0.012547793548556372,0.008140733506944487,0.00768174913194446,0.004896375868055647,-0.0011528862847221878,-0.001380750868055447,0.00272569444444446,-0.00031249999999996005,-0.0013981119791666163,0.022287326388888907,0.04190836588541671,0.012689887152777812,0.0050868055555556065
LR,7,0.1346153846153846,0.0995260663507109,0.9849620581158616,0.11444141689373297,0.6517219928820264,0.10827323907507894,0.023000078868960376,0.02524815843497179,0.04592199009781446,0.029143823209757436,0.012438111339210401,0.021567443545465692,0.004023668639053413,0.09903634826711764,0.011353701243811253,0.00013766453326906624,0.024009177635551392,0.019775389445719282,0.009339451757034345
LR,8,0.08620689655172414,0.016556291390728478,0.9842043505731565,0.027777777777777783,0.6654515589093695,0.032067245415107866,0.02159816318586215,0.10836324431167303,0.0,0.0,0.00019586262662554254,0.0,0.015197322611801067,0.0,0.0036155971339367323,0.004553581455942046,0.0,0.0794779991464701,0.0016178881875967388
LR,9,0.25806451612903225,0.023154848046309694,0.9693894879850556,0.04249667994687915,0.4800516294978717,0.06963275839041166,0.03280558059585363,0.0404482259550021,-0.0003122670058330002,0.022715889653962672,-0.002273365203280475,-0.000736590500416523,0.001747291785448124,0.01171746853208202,0.0026698390421473926,0.010233542388491812,0.0005922985833955563,0.07142888469803965,0.02147888250515335
LR,10,0.1111111111111111,0.005970149253731343,0.9856508510813256,0.0113314447592068,0.5910127936214205,0.02272829196491449,0.020085399159199047,0.08224838265815808,0.003429539604717169,0.011025862809200704,0.003942774686322559,0.03345395942456344,0.0051757661561401495,2.785451148779039e-06,1.6964025792765013e-06,0.0004069900163566231,0.01123452032646315,0.04096110630580056,0.0005695514585919659
LR,11,0.0,0.0,0.989243993828521,0.0,0.6920560727181878,0.0,0.01839212431278428,0.0019197148585431202,0.009542437068389397,0.0029068389396302184,0.0016335041211851253,0.0006681220761862505,0.001225217197594075,0.0006846959233682392,0.0005378480730674706,-0.004836711962575202,-9.873022944977272e-05,0.03997006014702609,0.001983337046112732
LR,12,0.7777777777777778,0.046052631578947366,0.9921654319671694,0.08695652173913043,0.6766658229852748,0.18809544742962428,0.01780138744516893,0.0,0.0,0.0,0.0,0.0,0.0,0.0,0.009667092179521664,0.0,0.0,0.06073098629400704,0.03648800725611401
LR,13,0.0,0.0,0.9947585664679289,0.0,0.634494087713916,-0.0005838680671245148,0.021611204087445636,0.0,0.0,0.0,0.0,0.0,0.0,0.019311807479224452,0.0,0.0,0.0,0.10996320983379508,0.017832842797783945
LR,14,0.0,0.0,0.9834099953485969,0.0,0.6584760808305452,0.0,0.021826376826471077,0.028511456497356293,0.005781124819740491,0.025495914116327588,0.0007947444319821306,0.003816696042300971,0.0071591091171286925,0.013619612241628021,0.0002755968594777336,0.037510014420766,0.007800032046146499,0.01214228489024205,0.009017785611280282
LR,15,0.0,0.0,0.9829153924566768,0.0,0.6741716009743642,-0.0008408545977371628,0.02181024447018787,0.041863821197387366,0.004998495744412379,-0.0010843256567774518,0.00048010015430750564,-0.0019994953465126255,0.00041294242097800193,0.004529944391067508,4.7942081307361664e-05,0.0052577129492143325,0.006392406905988834,0.02970788326976632,0.018657233528401273
LR,16,0.0703125,0.018789144050104383,0.974737293587819,0.029654036243822072,0.6887300881185661,0.02606685722488653,0.02896696708285984,0.08321180833772128,0.002970341796204412,0.009628900437261122,0.02309654083010928,-0.00041448226917872866,-0.0003083720610790763,0.05254023488473256,1.762780156142618e-05,0.0005877841624505997,0.011308463634074405,0.009282296650717758,0.004933266179803697
LR,17,0.18666666666666668,0.04516129032258064,0.9918340271741617,0.07272727272727272,0.723830674886746,0.08871879032748786,0.013377937947637175,0.02525856320361237,0.01327530824917964,0.012451087643446601,0.001067856224476138,0.028748305664637264,0.008254671135499003,0.0053100361312932165,0.01350334072811763,-0.0009585470774620796,0.0045011571602286745,0.08141975496968731,0.025900383976708796
LR,18,0.0,0.0,0.971222174237368,0.0,0.6838097091075177,0.0,0.03180111971026899,0.050446409989594244,-0.0027719042663890913,0.008316545265348618,-0.00040457856399571667,0.0041088449531738735,0.0007985431841832202,-0.00011529656607693895,0.0008688865764829412,-0.005285327783558702,0.024026014568158272,0.09927970863683669,0.011282830385015718
LR,19,0.03355704697986577,0.024752475247524754,0.9841099720410065,0.02849002849002849,0.4508951318501876,0.02090723575685537,0.019773463672706288,0.006662578240016126,0.031145417084660253,2.0659272757184156e-06,0.0015005890684529843,0.0047175170159821315,0.01087494811916867,0.0027500842191074517,0.0002895089979508825,0.012514270718365772,0.043503142629013516,0.11941074542750743,0.018383737616068818
LR,20,0.5,0.02127659574468085,0.9922866520787746,0.04081632653061224,0.6184786981852901,0.10196164651178964,0.014448540012451754,0.08297911969414769,0.00018625624938737318,0.0015988628565827279,-0.00272228212920298,0.009672090971473434,0.01557935496519951,0.0077678658955004695,-0.0009121654739731256,0.002359572590922476,0.0033094794627978263,0.010172532104695663,0.026666503283991803
LR,21,0.09090909090909091,0.0037174721189591076,0.9866941080744747,0.007142857142857143,0.6591905053051125,0.01588664485868933,0.02954779408308633,0.0,0.0,0.0,0.0,0.0,0.0,0.2727181731301241,0.0,0.0,0.0,0.0,0.0
LR,22,0.0,0.0,0.9894745531844636,0.0,0.6060511773539718,0.0,0.01688658134204456,-0.007167534998134428,0.0029453711253298208,-0.01170464753112872,-0.000579317588203665,0.00031660701206439603,0.006603833556750094,0.0003695360760629596,0.0010050994320144114,0.0015506971987671926,0.014372244717458215,0.013180857091527142,0.025231961968463577
LR,23,0.10185185185185185,0.03900709219858156,0.9849740721081214,0.05641025641025641,0.6633353049346573,0.056354619361279265,0.01967830198157914,0.031443444828911996,0.014919338715878605,0.001346559015763238,0.019232141484044663,0.006496424452133875,0.00015609381007308798,0.020529950019223375,0.014340023068050756,0.0003398692810458348,0.0016207612456747178,0.036722337562476004,0.03799123414071515
LR,24,0.0,0.0,0.986711959236687,0.0,0.7200601366721787,0.0,0.019149806436582466,0.02870793722649767,0.028218273728685683,-0.0007717167144509097,0.002413736733564753,0.0009097882400281865,0.0038529249031738822,0.0022102761430512043,0.0015420501986821433,0.003162441527086157,0.018444871988330603,0.031010009556863373,0.016285398118806915
LR,25,0.0,0.0,0.9863071494323412,0.0,0.717175285435971,0.0,0.01916324003335836,0.023203968568036547,0.010144722709028131,0.005370145288032058,0.0001725648708236216,-0.01186090225563916,0.0010780711176436198,-1.41330770536241e-05,0.00018217536322000515,0.0026968737633556563,0.008922776866979398,0.04343744700096095,0.005547232743512875
LR,26,0.0,0.0,0.989884799100871,0.0,0.6416862031868182,0.0,0.01654108904473864,0.012413592888135639,-0.0009732520459164063,0.006707859614433986,0.00026410564225696207,0.003866566234336921,-0.00013723136313348316,0.0002294251033746919,0.0002769735345118596,-0.0020237114453623972,0.014093323603951413,0.07208122464672143,0.008646752818774561
LR,27,0.0,0.0,0.9930799173434571,0.0,0.6390761991277805,-0.0012713020328182134,0.01664149115120124,0.149199245541838,0.0032806069958846605,0.015535408093278424,0.0,0.0,0.0,0.0,0.00013910322359385053,0.0,0.0,0.015350437242798299,0.001704603909464897
LR,28,0.0,0.0,0.0,0.0,0.0,0.0,0.0,0.02941980228766623,0.006968583406655915,0.06219036281765955,0.004306195331504581,0.00019874747683867877,0.00861342580611768,0.01132653589358723,-0.000239118058071508,0.029374255990890698,-0.0022390145437607423,0.04149681693494125,0.0018311681589979977
LR,1,0.0,0.0,0.987962089565647,0.0,0.5675303238654901,-0.0007384169990019864,0.018061168947858215,0.02335604710076946,0.008231375492587789,0.01535560142615886,0.004917198348658336,0.009741508725839787,0.00765047382248083,0.003782252767873939,2.1110902609589034e-06,0.0015870707449803455,-0.0019283636704821693,0.07615171702007884,0.011384171514355468
LR,2,0.16666666666666666,0.0026246719160104987,0.9820638248311204,0.00516795865633075,0.733026524074929,0.01885847639342475,0.02236170362167292,0.0,0.0,0.0,0.0,0.0,0.0,0.0,0.0,0.0,0.0,0.0939651278598382,0.0
LR,3,0.0,0.0,0.9883354934271431,0.0,0.6646039254342926,0.0,0.018825811356987972,0.02848134140712728,0.009084809280729678,0.00032846287914793936,0.0006152478971624519,-0.01103987985753745,0.0034753825063205566,-0.00023367157845430864,0.00013984472413388626,0.0004783654011752514,0.0006412190602159251,0.08487176307685948,0.006141043393197943
LR,4,0.0,0.0,0.9868956168097605,0.0,0.6409718011873184,0.0,0.0189833407545484,0.0016594230284707524,0.01036533131771238,-0.00249307130259504,0.0005599647266314456,0.04497858402620314,0.003777399848828478,-0.0004878432854622305,-6.456286218186058e-05,0.007487402368354812,0.012827853363567643,0.051976883345931,0.004127299067775358
LR,5,0.18072289156626506,0.234375,0.9830949284785435,0.2040816326530612,0.7201469655907182,0.19737348133066168,0.0174635608749673,0.018809750297265216,-0.0009677764565992231,0.021626991676575603,0.016505588585017918,0.01308775267538651,0.0010632580261594083,0.0021562425683711696,0.016238049940547006,0.006540665873959605,0.15620618311533896,0.09105160523186691,0.000747562425683812
LR,6,0.0,0.0,0.9947922627904315,0.0,0.645233153775983,0.0,0.012316785712324481,0.001931966145833286,0.008754882812499943,0.004916992187499946,-0.0009152560763889372,-0.0062912326388890214,0.0003027343749999245,-0.0004785156250000755,-0.0003738064236111782,0.009357096354166572,0.036733940972222136,0.008087022569444425,0.0028548177083332236
LR,7,0.04984423676012461,0.07582938388625593,0.9768647047936332,0.06015037593984962,0.6373702252031896,0.0500531337255686,0.02945002847680063,0.04791450307933824,0.035964255524695087,0.026436420722135014,0.012199009781427383,0.04159159521796887,0.016609105180533802,0.04014249486776964,0.016270981765487202,-0.000717304673348651,0.018990460089361207,0.006728655959425178,0.017794952300446854
LR,8,0.08620689655172414,0.016556291390728478,0.9842043505731565,0.027777777777777783,0.6763781355143359,0.032067245415107866,0.02241993660494421,0.09813076974910714,0.0,0.0,0.0,0.0,0.0025262235798836352,0.0,0.0036717504099188724,0.00589789088295416,0.0,0.09766784214191057,0.001533433660519723
LR,9,0.1,0.004341534008683068,0.9696442217882313,0.008321775312066576,0.7146926514335407,0.014953991079992585,0.032273893122781776,0.0,0.0,0.0,0.0,0.0,0.0,0.010687689136441515,0.028522871803868366,0.0,0.0,0.1276029560107014,0.0
LR,10,0.2727272727272727,0.04477611940298507,0.9851985856426281,0.07692307692307691,0.5927672265263088,0.10577533052582125,0.02207651984692995,0.09634119472816731,0.003128082583390879,0.013217217020153748,0.029664300778460405,0.032719123902312484,0.002865873197048785,0.02038740808534798,0.0013485772208738033,0.005589772158473405,0.026321466194466403,0.03006718591943989,0.010560755297069546
LR,11,0.06896551724137931,0.00819672131147541,0.9881419440158695,0.014652014652014655,0.6538942553186826,0.02018943195713591,0.017384767622628736,-0.0005909556694141394,0.010689329472042753,0.014415593673423887,0.0006772109601247634,0.005431142793495214,0.0026248162174203893,0.0001931833370461211,0.0,-0.00019175762976164634,0.01221670750723991,0.04344379594564483,0.015925150367565123
LR,12,0.75,0.039473684210526314,0.9921121355859938,0.075,0.6786390476486742,0.17093336637950887,0.01818258240745933,0.0,0.0,0.0,0.0,0.0,0.0,0.0,0.008521734748723486,-0.004616198602526156,0.0,0.06257524858908896,0.017126108572964326
LR,13,0.0,0.0,0.9948240843870799,0.0,0.674163593256059,0.0,0.012471740599025284,0.0011487188365650435,0.0002034279778392989,0.025921052631578935,0.002298303324099682,0.010103878116343478,0.0008561288088642094,0.014097991689750655,0.002932825484764523,0.0016828254847644608,0.0023095567867035703,0.053619286703601096,0.006207583102493031
LR,14,0.14285714285714285,0.006230529595015576,0.9828931727737867,0.011940298507462687,0.6563868494830049,0.026600616629751255,0.022549303250496863,0.04195481493350415,0.0019035410991827372,0.033702932222400214,0.0005255568017944912,0.010761095978208535,0.006732895369331704,0.010299631469315739,-0.00045505527960272297,0.03651978849543329,0.0005287614164395604,0.01369331837846488,0.001733696522992978
LR,15,0.0,0.0,0.9829561671763507,0.0,0.6779288729295605,0.0,0.02207457896127318,0.04527974301491648,0.0057958482545783065,-0.0012415446278665199,0.0014629128211101072,0.006495375627177636,0.0009750487669957231,0.006104075076911153,0.00015149309498170284,0.005097970710688049,0.0081918847837269,0.025302549470599157,0.011070350637125114
LR,16,0.057971014492753624,0.016701461377870562,0.9742226034741582,0.02593192868719611,0.6648339105635134,0.020358486219346498,0.029773101391900713,0.08061308120235337,0.003022710102790582,0.011177972116022917,0.023790091801927527,-0.0004944941736682695,-6.822188136723639e-05,0.04143220164373522,0.005515327030058836,0.0014198392893935096,0.014729172866921436,0.003841716077928581,0.008713971749730941
LR,17,0.11,0.07096774193548387,0.9893407749668329,0.08627450980392157,0.7422938242393256,0.083143606969623,0.01398990499282234,0.013319328280472931,-0.0038160137028692143,0.017169860661346424,0.004428415148120779,0.008375486508514097,0.006502673890019572,0.014090942769600812,0.01291852807475553,-0.0038538447792679565,0.009589959946129812,0.09792739745729828,0.011872333192411077
LR,18,0.0,0.0,0.971222174237368,0.0,0.686419653411132,0.0,0.031823602771979285,0.05414849115504681,-0.0006317377731529517,0.01059646201873048,-0.00026472424557755225,0.006376170655567126,-5.68158168574584e-05,2.3413111342329705e-05,0.0008606659729448518,-0.0041162330905307075,0.019609261186264316,0.1008702393340271,0.005816961498439133
LR,19,0.031055900621118012,0.024752475247524754,0.9835507921714818,0.02754820936639119,0.4518625020842474,0.019486974395963218,0.02036667702676749,0.006176992270453985,0.03947125290113877,2.438166424334476e-06,0.0001060323215251957,0.005301671912136552,0.011420315696021954,0.0038736322537776813,0.0003323723359308417,0.00957613128130288,0.028890708724727165,0.12122976647576991,0.015364189477171396
LR,20,0.16666666666666666,0.02127659574468085,0.9916301969365426,0.03773584905660377,0.5600156631278008,0.05704159330411273,0.016083199454601578,0.09763405548475637,4.190765611209457e-05,0.007430153906479742,-0.0025002450740123196,0.0034320164689735978,0.019240760709734305,0.02409861778257032,0.0026208214880894198,-3.480050975397386e-05,0.0030820507793353435,0.006781688069797109,0.02034261346926771
LR,21,0.1111111111111111,0.0037174721189591076,0.9867898339156655,0.007194244604316547,0.6281807783042674,0.018089361294720906,0.02798368765840495,0.0,0.0,0.0,0.0,0.0,0.0,0.09115487148533774,0.0,0.0,0.0,0.0,0.05286102308736982
LR,22,0.0,0.0,0.9894745531844636,0.0,0.6004652486724709,0.0,0.01687570709268247,-0.0067452080540621575,0.0032098782493332535,-0.00836597061953257,0.00020052238084053987,-0.0022637885048575777,0.009947347327980572,0.004526609637788392,0.0023895468553502886,0.006412708503199327,0.01165282403504655,0.021782866461215345,0.03115283094484602
LR,23,0.08695652173913043,0.0070921985815602835,0.9877097709362623,0.013114754098360656,0.6692021371806804,0.021680631107813594,0.017907525310493184,0.026798308342945033,0.014539792387543238,-8.25836216839626e-05,2.614379084930896e-06,-0.0019876970396001557,-0.001326566705113441,0.006349711649365664,0.0032982698961937507,-0.0018831218762014768,-0.0005364090734333082,0.013043444828911932,0.022715878508266063
LR,24,0.0,0.0,0.9866120491557598,0.0,0.7186315195644031,-0.0011600097285766402,0.018979347559231627,0.02517831095015346,0.03234822192042659,-0.0001752929933101388,-0.0008195010311351947,-0.0003764901161913192,0.0008884110457220596,-0.0006010764046073591,-0.000363915296011208,0.0008337105779387954,0.0164264876012274,0.03192130677531311,0.015535184346863873
LR,25,0.0,0.0,0.9863071494323412,0.0,0.7248447891697998,0.0,0.019582820867204025,0.016523687037141622,0.008914155689976777,0.003383317315845935,0.00019178585561643313,-0.006197212957205123,0.003599129402453438,0.00022061733280560604,0.0001957431171913715,0.003316326530612157,0.008360987054101331,0.03882087738142341,0.006934111594776327
LR,26,0.046052631578947366,0.032407407407407406,0.9834223096375386,0.03804347826086957,0.6082708690334766,0.030408907618681532,0.01991176242978488,0.00015614088772759606,-0.0006581456111856455,0.028126858586571823,0.0,0.0,0.0002823874647898572,0.0,0.0,0.0,0.0004976108090294807,0.12966661174273633,0.004082338817880071
LR,27,0.041666666666666664,0.007194244604316547,0.9922629631409486,0.012269938650306747,0.6506317152373892,0.014595171522827143,0.016944424820496292,0.14403806584362133,0.009275120027434847,0.016596793552812007,0.016926868998628185,0.0017163923182441422,0.004408864883401908,0.0013108710562413917,0.011395318930041087,0.020314643347050708,0.004806670096021914,0.020946930727023295,0.017467849794238675
LR,28,0.0,0.0,0.0,0.0,0.0,0.0,0.0,0.020578644997671036,0.005749184824802111,0.03651467315356356,0.05491434190776878,0.00019460690440462614,0.005420009316288032,0.11320739092179502,0.0018818901713162806,0.014751824439728866,-0.003434604834118238,0.01524351741628287,-0.00019046633197030704
LR,1,0.07236842105263158,0.04119850187265917,0.9821677222297085,0.05250596658711217,0.5500709015530914,0.04598688847134601,0.021029738479083,0.031654860198911616,0.006578743666729258,0.03834537436667287,0.014269093638581287,0.016261141865265526,-0.00036639144304746464,0.01548003846875592,0.024633843122537025,0.0026813191968474647,0.01734893976355789,0.06492646368924751,0.06067203039969975
LR,2,0.1111111111111111,0.007874015748031496,0.9812718378756115,0.014705882352941176,0.7449403112459548,0.02509276240133804,0.023491073450619557,0.009850327540013226,0.011209022429827931,0.01791145899086819,0.0,0.029757606362833044,0.002643465331257322,0.0,0.0,0.0,0.0,0.0531939008823241,-0.0053994304871718855
LR,3,0.019230769230769232,0.011904761904761904,0.9813923347528235,0.014705882352941176,0.7062058236245666,0.0060098679539435105,0.019905947180481907,0.0,0.0,0.0,0.0,0.0,0.0,0.0,0.0,0.0,0.0,0.23395374790749585,0.0
LR,4,0.0,0.0,0.986127428829643,0.0,0.6890739863584692,-0.003195018003277896,0.023288421743376562,0.0,0.0,0.0,0.0,0.029441609977324278,0.0,0.0,0.0,0.0,0.06026297556059457,0.1250056689342403,0.0
LR,5,0.3125,0.234375,0.9881520011559023,0.26785714285714285,0.7382130790919255,0.26476710516335356,0.01620143315382522,0.011817598097502957,-5.992865636144096e-05,0.030343162901307962,0.0,0.009740071343638478,0.000735552913198556,0.0,0.0,0.0010107015457788472,0.12104708680142688,0.1084542211652794,0.0
LR,6,0.0,0.0,0.9947922627904315,0.0,0.6352948093154042,0.0,0.01252191613068925,0.0009852430555555626,0.011584201388888892,0.004780273437499938,-0.0008246527777777901,-0.00430718315972225,0.0007269965277777679,-2.929687499999556e-05,-0.0014409722222222365,0.021305881076388845,0.04328667534722219,0.010343967013888889,0.005271809895833313
LR,7,0.12987012987012986,0.04739336492890995,0.9875994817693874,0.06944444444444445,0.6260038785448968,0.07304291038598663,0.019403418858134406,0.008566598236927958,0.033483878758604015,0.03595942519019446,0.0005385822968240639,0.012411544499456629,0.011071126675522259,0.003499577345731275,0.005665982369279066,-0.0028764641951455117,0.02455983576862697,0.015572998430141283,0.0148049752445357
LR,8,0.06060606060606061,0.006622516556291391,0.9850618286848993,0.011940298507462685,0.6514577202495807,0.0156472967601972,0.02154534680858012,0.11662653579209803,0.0,0.0,0.0,0.0,0.0073082365625210645,0.0,0.003165247860560094,0.0,0.0,0.0633431414388715,0.0024159385458547124
LR,9,0.0,0.0,0.9700687781268574,0.0,0.5063447200410323,-0.0042396812269709155,0.03239845377792075,0.03128974606376907,0.002403074426560137,0.024517455374764175,0.0023914521292924817,-0.0008612560852594875,0.0016510240778912833,0.01296028682952497,0.006816806280426246,0.004050699530722302,0.0004931801236787603,0.08196833472216122,0.006575588789965292
LR,10,0.27586206896551724,0.04776119402985075,0.9851574706027465,0.08142493638676845,0.589008723008545,0.10994354271837907,0.02208216224259212,0.08838374720669515,0.003237469134897486,0.009928751091666443,0.026397720537571147,0.027331851948035668,0.007139111294480816,0.007499984292568707,0.007678420712028333,0.003995740144634064,0.03067962913707567,0.030387429028589617,0.015318431518741061
LR,11,0.14583333333333334,0.028688524590163935,0.987745206083315,0.04794520547945205,0.6447261343223506,0.06029987464276866,0.017426764988815454,-0.004387614167966136,-0.005130674983292516,0.012544709289374035,-0.00022027177545109745,-0.0008781465805301591,0.002575985742927123,8.536422365779117e-05,-0.001213009578970814,-0.0009222543996435962,0.006659924259300465,0.030125284027623024,0.03009249276008019
LR,12,0.42857142857142855,0.039473684210526314,0.9917923572989394,0.07228915662650602,0.7021137753846762,0.1281757889498551,0.01775835112250001,0.0,0.0,0.0,0.0,0.0,0.0,0.0,0.012475812953507193,0.0,0.0,0.09479155468959952,0.020852761354474558
LR,13,0.0,0.0,0.9947585664679289,0.0,0.6379746001787358,-0.0005838680671245148,0.023417843575837326,0.0,0.0,0.0,0.0,0.0,0.0,0.021443040166204887,0.0,0.0,0.0,0.12110024238227149,0.01695896814404434
LR,14,0.0,0.0,0.9834099953485969,0.0,0.6634551344894587,0.0,0.02180718451030978,0.025973401698445687,0.0045409389520909334,0.017580515942957776,1.602307322539076e-05,0.006412433904822911,0.007373818298349622,0.01141483736580673,-2.243230251568473e-05,0.017615766704053803,0.0020573626021470393,0.01792661432462741,0.0028392885755487373
LR,15,0.11594202898550725,0.019138755980861243,0.9807951070336391,0.03285420944558522,0.6541428237703397,0.040585368556296644,0.02334596275984413,0.057188012538698096,0.006056327093098823,0.0,0.0,0.014210848109005103,7.3757048164591055e-06,0.002652148174027813,0.0,0.0002194272182917123,0.0,0.01650420706320783,0.036446560107141826
LR,16,0.07017543859649122,0.016701461377870562,0.9752519837014797,0.02698145025295109,0.6813765742184172,0.024524905237736937,0.028785954077395332,0.061920514640232516,0.0031428424257686103,0.008615072914997347,0.004408152285890865,-3.577070122020576e-05,0.00012167761727062132,0.029407122089695738,0.00023757468922418478,0.00010267622078241612,0.014783086467800622,0.01504544309883007,0.00675259266042445
LR,17,0.16326530612244897,0.025806451612903226,0.992154261402626,0.04456824512534818,0.7420575811802195,0.06234703835241308,0.013276156598131406,0.016534359595712988,0.0012176550834418931,0.01525307159574787,0.0027130286217371237,0.017716885822498994,0.008135424793301937,0.0013816188039626365,0.0037165109984701903,0.0002968083298102497,0.007081471925244354,0.09742718171556083,0.0034561390509977976
LR,18,0.0,0.0,0.971222174237368,0.0,0.6867778961993727,0.0,0.03180877824763777,0.05619791883454739,-0.0018731529656607737,0.008482310093652457,6.763787721131287e-06,0.003389177939646215,0.003425702393340324,0.00028959417273675123,0.0018783558792924149,-0.0014136316337148847,0.026501664932362123,0.10171873048907391,0.006636524453694115
LR,19,0.03468208092485549,0.0297029702970297,0.9830848089468779,0.032,0.4513292142084657,0.023591224630874198,0.020875981529923683,0.0060524410512778236,0.038300560778277724,1.6378522546212083e-06,0.002781110352156868,0.004096733787589213,0.00946287752029178,0.007688748513369958,0.0010999294606812925,0.00832068030426838,0.02558446199345237,0.11891847776522509,0.012898142340528173
LR,20,0.2857142857142857,0.028368794326241134,0.9919584245076587,0.05161290322580645,0.5525660981256248,0.0879728206360015,0.015375879017775441,0.10225149495147527,-0.00021076365062255853,0.03203435937653163,-0.002692138025683799,0.020484756396431637,0.02135820017645316,0.021561121458680478,0.001355014214292627,0.0,0.015972453681011613,0.006046711106754188,0.02412827173806482
LR,21,0.0,0.0,0.9871248743598334,0.0,0.6138136065535946,0.0,0.01879059493796217,0.0059695186358834865,0.00020421507972434583,-4.023942457624941e-05,6.237110809310664e-05,-0.004824707006689822,-0.0030300286705900346,0.02100598561440572,1.5089784216093526e-05,-0.005418238519189167,0.015386549972335396,0.008978421608570986,0.0003993762889190622
LR,22,0.0,0.0,0.9894745531844636,0.0,0.5930708375457642,0.0,0.0168729941222668,-0.0020085405121543333,0.0014833957518552987,-0.008498362377523837,0.00021586213568081103,0.002410690841751717,0.005765260292146301,0.0013381517668357157,0.001500393858570237,2.7224609941800536e-05,0.0073165102748718345,0.014396014427661275,0.016246182335788607
LR,23,0.1111111111111111,0.04609929078014184,0.9847699154791556,0.06516290726817042,0.6566114266747406,0.06467968796389066,0.019494055794151935,0.02111772395232605,0.012061361014994266,-0.0011343329488658239,0.008376778162245312,-0.0003001922337562579,-7.227989234910303e-05,0.020780315263360306,0.0031238754325259464,0.000784775086505185,4.2137639369488336e-05,0.04533256439830835,0.043552787389465594
LR,24,0.0,0.0,0.986711959236687,0.0,0.7182354427989781,0.0,0.019645413216041904,0.026367637442784586,0.024518384387103277,-0.0003714601881192658,0.0005907650520598162,-0.0005306574115989448,0.0026542930436095347,0.0004099391378703965,0.0006707409084050874,0.007494341330919019,0.012325838740506013,0.02746365876967962,0.012252653287058001
LR,25,0.07142857142857142,0.0392156862745098,0.9798634550475606,0.050632911392405056,0.725368848686665,0.04323854109811908,0.021585831545298764,0.022988297812199597,0.01570198993724905,0.013676578664706751,0.000601786420939554,-0.0005859573746397117,0.003973938605913263,0.0010413251173044592,0.0006289219288822867,0.001511108598564026,0.006017581547854522,0.08349143535530548,0.020491548419921957
LR,26,0.05102040816326531,0.023148148148148147,0.9857637913271519,0.03184713375796179,0.618180177528271,0.027756920448794072,0.018721911302253955,0.004244364412431589,-0.0022761261367292727,0.02323109636011258,-3.4052836821052426e-05,0.0,0.001296910921231187,0.0,0.0,0.0,0.0025605536332179656,0.11899905060063234,0.011055951792481644
LR,27,0.008928571428571428,0.007194244604316547,0.988034023739728,0.00796812749003984,0.6478911500697845,0.0020308311213047296,0.017112059869892064,0.1460163751714678,0.0066632373113854945,0.019241255144032854,0.015143604252400512,0.004270404663923211,0.0031575788751714963,0.0020799039780521555,0.00978737997256518,0.03575188614540468,0.006814986282578861,0.038464506172839495,0.02282064471879286
LR,28,0.0,0.0,0.0,0.0,0.0,0.0,0.0,0.029589565757465897,0.0018518710211685497,0.03229853527250137,0.0006542104445938169,-3.208943636470174e-05,0.004305160188395996,0.010611252005589721,0.0024967651777857204,0.016080948191087362,0.006668391905180826,0.032929972568707486,0.0065317530148542025
LR,1,0.06474820143884892,0.033707865168539325,0.9825719804159367,0.04433497536945812,0.5522772952249404,0.03841467115600491,0.020495384694213473,0.02616907487333451,0.009315772189904203,0.026202383186338808,0.01589744792644012,0.016463220116344445,-0.0015202195533871921,0.007697269656595984,0.023225042221805103,0.00013862826046153742,0.01027631825858506,0.07156244135860379,0.04558078438731461
LR,2,0.0,0.0,0.9822501747030049,0.0,0.7455300034706817,0.0,0.03350709263494476,0.02235983110998887,0.007445468445342196,0.003638569765321442,0.0008920029738108016,0.017067710305937768,0.0036566651236515924,0.0006230975325786315,0.0007097869236487586,0.008442536716744487,0.000594481617079734,0.04237259605268688,-0.0008092412574169927
LR,3,0.034482758620689655,0.003968253968253968,0.9870857248657656,0.007117437722419928,0.6563819529935118,0.007791491255222096,0.018655986201016224,0.025828218323103336,0.009697232727798832,-0.00010395354124039801,0.0007960815921631781,-0.013343597798306673,0.003937834542335738,3.788896466685454e-05,6.448012896027588e-05,-7.322903534696667e-05,-0.00016595366524063682,0.07647853073483926,0.006117138900944475
LR,4,0.07692307692307693,0.013793103448275862,0.9849073655671035,0.023391812865497078,0.6369718643425539,0.027234901938961123,0.022200638245855008,0.0,0.01136180398085147,0.0,-0.00022770219198799956,0.09321664777021912,0.0,0.0,0.0,0.0,0.03320530990173842,0.0910506424792138,0.008266723356009021
LR,5,0.33088235294117646,0.234375,0.9885373019313202,0.27439024390243905,0.7406365960170467,0.2728517169238733,0.01900731706986974,0.0,0.0,0.0,0.0,0.0,0.0,0.0,0.0,0.0,0.14444994054696797,0.13307241379310353,0.0
LR,6,0.02040816326530612,0.02197802197802198,0.9894128419365915,0.021164021164021166,0.6662989544540485,0.015859999345659775,0.013489361443198353,-0.0026904296874999956,0.011824001736111178,0.00857638888888892,-0.0002593315972221788,0.0050309244791666655,0.0032389322916667185,-3.2552083333303727e-06,0.0003640407986111205,0.006323784722222258,0.03744791666666669,0.02227593315972227,0.0018739149305555536
LR,7,0.06060606060606061,0.037914691943127965,0.9848695169350361,0.046647230320699715,0.6101537532794565,0.0405356744027097,0.023083405515950162,0.024241033691583168,0.03733607052288375,0.039347904842410394,0.013732640985388267,0.059111218451877834,0.011271585557299813,0.016142977901219678,0.01962806424344894,-0.0003888419273034405,0.01141166525781918,-0.0016060862214707593,0.03794227750271708
LR,8,0.0,0.0,0.9863706110659807,0.0,0.6766925808179729,0.0,0.02243496843526212,0.09556209429258096,0.0009420273578760075,0.00011949417128989114,0.0010440017070595165,0.0015740886323307502,0.006239752027133183,3.391657869316056e-05,0.0033352799802339518,0.001354417016688636,-0.0004007097774085144,0.08681655847802153,0.0035632622807213908
LR,9,0.09090909090909091,0.002894356005788712,0.9698989555914069,0.0056100981767180915,0.6149482986591054,0.01115644859574564,0.034990774151525975,0.0,0.0,0.0,0.0,0.0,0.0,0.0,0.01864589272400339,0.0,0.0,0.1261342704267357,0.02481722292881894
LR,10,0.13043478260869565,0.008955223880597015,0.9855275059616808,0.01675977653631285,0.5907249511395787,0.03079535640042761,0.0224083488859231,0.08953826434978565,0.0027678588257961543,0.013999153893034477,0.0038682376890389002,0.03893807292855631,0.006246908253940942,0.00017353570089695403,-5.422205281471193e-05,0.0005162090219296367,0.008596551485818237,0.039182585275644444,0.0010772994108665611
LR,11,0.025806451612903226,0.01639344262295082,0.9827639409301301,0.020050125313283207,0.6729400080794741,0.012102006295821973,0.021081705171029225,-0.009288928491868997,0.0025734016484740387,0.014736110492314537,0.0009790153709066552,0.009691156159500957,0.0006123412786811944,0.00023604366228555663,0.00025947872577409826,-0.0004396524838493843,0.005479171307640862,0.05980815326353308,0.0027895745154822736
LR,12,0.5,0.046052631578947366,0.9918989500612908,0.08433734939759036,0.6929196513663397,0.14995000649685492,0.018146245779855148,0.0,0.0,0.0,0.0,0.0,0.0,0.0,0.011439801128728888,0.0,0.0,0.07710981590970176,0.034792058586401574
LR,13,0.1111111111111111,0.012658227848101266,0.9943654589530236,0.022727272727272724,0.6495465746755411,0.035859391615680296,0.012840444401272891,0.004096260387811657,0.00457323407202217,0.04436980609418284,0.0008933518005540319,0.024999999999999977,0.004235630193905826,0.011480263157894743,0.0009426939058171602,0.0012240304709141725,-0.0012820290858724936,0.05113486842105266,0.011211045706371237
LR,14,0.0,0.0,0.9834099953485969,0.0,0.6650111296878776,0.0,0.021783033952271536,0.04358916840249967,0.0007114244512098189,0.026633552315334107,5.447844896655507e-05,0.002640602467553288,0.005611280243550754,0.012619772472360236,0.0004935106553437318,0.01917000480692197,0.00488062810447043,0.024630668162153556,0.005563211023874426
LR,15,0.0,0.0,0.9829561671763507,0.0,0.6778854064306205,0.0,0.022268361508212813,0.04050232431750471,0.0018424704729186336,-0.0022570627226055516,0.0020332683106724534,0.0023543055676866543,0.00025601459613167066,0.006618142292873741,5.4444347395765647e-05,0.0034775477722460034,0.006411137314273008,0.029099387622402762,0.013330615968400971
LR,16,0.06923076923076923,0.018789144050104383,0.9746515119022089,0.029556650246305414,0.6727897953310361,0.02569983659608898,0.02915834102943361,0.06755700418946457,0.0022302602962387397,0.008343501751333604,0.02070814541791637,-0.000733213525331311,-0.0009247727845058007,0.04930398800393776,0.0008865982921637316,-9.70101417091307e-05,0.012010885739795451,0.007697282571369768,0.006937512877452545
LR,17,0.13705583756345177,0.08709677419354839,0.9896381353218354,0.10650887573964497,0.7422779954341698,0.1042088085988889,0.013910338876640149,0.01362127954463228,0.0006065611638720547,0.011599801256096231,0.010710901713294385,0.017926743694457327,0.009358048474335346,0.02817582733687518,0.01090476418774311,-0.0017136867429972114,0.00502582363221904,0.07481770912783665,0.019658474291865756
LR,18,0.04672897196261682,0.013642564802182811,0.9636056691924149,0.02111932418162619,0.6767734589741969,0.00988370795779672,0.037780969466584824,0.028711966701352853,0.0031378772112383934,0.009594172736732664,0.0016776274713840688,0.0025667013527576723,0.005554838709677501,-0.000362851196670011,0.004872216441207211,0.01672122788761714,0.019943080124870005,0.11962611862643091,0.014593236212278992
LR,19,0.03571428571428571,0.0297029702970297,0.9833178005591798,0.032432432432432434,0.45372458499025176,0.024194603856109664,0.020779888084689686,0.008098714099860627,0.034696169100800554,-3.72239148753728e-06,0.0021470195741956966,0.0062251600163041095,0.010437548507414162,0.00459089986953023,0.0006184381217557933,0.01543774393296724,0.033107284906260935,0.12229686444353047,0.018527403315534152
LR,20,0.3076923076923077,0.028368794326241134,0.9920131291028447,0.05194805194805195,0.5668982901541642,0.09147213613890168,0.015520743870924197,0.0875517106166063,0.0030560729340261216,0.018907460052936066,-0.0009626507205175328,0.016602784040780416,0.024850504852465538,0.007299774531908687,-0.00026860111753739256,0.0017062052739928335,0.021845407313008592,0.0050980296049407455,0.029577982550730363
LR,21,0.0,0.0,0.9871248743598334,0.0,0.6164470563042732,0.0,0.019790195753535474,0.004540516070620249,0.0039952718676123265,0.004792012474221718,0.004036517277803031,0.0011840450681556592,-0.0012046677732507449,0.023432422916352412,0.004486695840249588,-0.0012288114279965568,0.01745636537397517,0.009973844374025532,0.008401488858709349
LR,22,0.0,0.0,0.9894332769224419,0.0,0.6059205511004668,-0.0006626391622089185,0.01668475157166781,0.0,0.0,0.0,0.0,0.0,0.0,0.0,0.0,0.0,0.0,0.03464407622890784,0.06324926410635565
LR,23,0.0975609756097561,0.028368794326241134,0.9857906986239843,0.04395604395604395,0.6533347014430189,0.0467475539916263,0.01875367290059713,0.021762091503268067,0.01517754709727035,0.0011743175701653952,0.0016462898885045041,0.0010668204536717686,-0.0024378316032294565,0.014390003844675214,0.0031480199923107355,0.0005065743944637324,-0.0003995386389848976,0.03284336793540954,0.033959861591695575
LR,24,0.0,0.0,0.986462184034369,0.0,0.7200620399723489,-0.0018342738908523398,0.01894619008865345,0.026027488556913635,0.035659172073839354,-4.401187063023393e-05,0.0008006388008651832,-0.00015970021628692878,0.003818218399476936,0.0006936270811328304,0.0008322015995172016,0.001889995473064765,0.017877873346411177,0.032155324178864284,0.01678059453749816
LR,25,0.07179487179487179,0.0392156862745098,0.9799018103712795,0.05072463768115942,0.7225199082160572,0.0434008823128476,0.021457048963385024,0.02742777997625647,0.00382144270450564,0.006261235796257547,0.0006311832212109625,-0.004024535021764919,0.009537848380349412,0.0017814743625982343,-0.0009431002317824344,-0.00022118265588781937,0.006589688506981739,0.08259907287014527,0.013849567527842166
LR,26,0.03896103896103896,0.027777777777777776,0.9832349911023696,0.032432432432432434,0.6117047628809622,0.024569482382309764,0.01970991071317421,0.0019853431568706446,0.0,0.01702735996359328,3.224819339504581e-05,0.0,-1.6477179106888505e-05,0.0,0.0,0.0,0.006906135003020819,0.12797644548015286,-0.0030537705278189443
LR,27,0.0784313725490196,0.05755395683453238,0.9891873708491518,0.06639004149377593,0.613927841761424,0.06182248779447819,0.018149868854072698,0.12378772290809326,0.00970507544581618,0.004900977366255099,0.04646905006858713,-0.0007338820301783678,0.004790809327846368,0.019522462277091913,0.017351680384087742,0.035646433470507485,0.014962277091906718,0.02572102194787378,0.04439300411522633
LR,28,0.0,0.0,0.0,0.0,0.0,0.0,0.0,0.021881890171316188,0.014424719217431825,0.06755240411986954,0.018908959163604376,0.0015113089384607425,0.004197505305108406,0.03861911909321465,7.970601935716192e-05,0.017282749340096236,-0.0014336732053206402,0.011468350499456492,0.0004119869571968415
